"TruePositives","TrueNegatives","FalsePositives","FalseNegatives","Recall","Precision","Sensitivity","Specificity","F-measure","Accuracy","Cohen's kappa","Iteration","Species","learner_Arr[0]"
4167,4023,1104,1012,0.8045954817532343,0.7990069513406157,0.8045954817532343,0.8045954817532343,0.7975119617224882,0.7946827091014943,0.5893179677051982,0,"all","DT"
4166,4842,285,1013,0.9444119368051492,0.935969445068524,0.9444119368051492,0.9444119368051492,0.8818065926060827,0.8740539491558316,0.7482809222953732,0,"all","RF"
3116,4602,525,2063,0.8976009362200117,0.8558088437242516,0.8976009362200117,0.8976009362200117,0.7805291723202171,0.7488841451581603,0.49851073908533083,0,"all","NB"
4052,4802,325,1127,0.936610103374293,0.9257482293808544,0.936610103374293,0.936610103374293,0.868668596237337,0.8591111973607607,0.7184363344275904,0,"all","MLP"
4166,4015,1112,1013,0.8044023942846109,0.7985282418456643,0.8044023942846109,0.8044023942846109,0.7967868413502917,0.7938094313991849,0.587568383300454,1,"all","DT"
4190,4821,306,989,0.9403159742539496,0.9319395017793595,0.9403159742539496,0.9403159742539496,0.8815945871811283,0.874345041723268,0.7488516489966256,1,"all","RF"
3086,4615,512,2093,0.90013653208504,0.857698721511951,0.90013653208504,0.90013653208504,0.7798901563160118,0.7472346206093538,0.4952377879703641,1,"all","NB"
4084,4778,349,1095,0.9319290033157792,0.9212722761109858,0.9319290033157792,0.9319290033157792,0.8687272727272727,0.8598874442072579,0.7199723063214092,1,"all","MLP"
4163,4008,1119,1016,0.8038231318787411,0.7977707006369427,0.8038231318787411,0.8038231318787411,0.7959086129433133,0.7928391228410635,0.5856259054830585,2,"all","DT"
4159,4830,297,1020,0.9420713867758923,0.9333482944344704,0.9420713867758923,0.9420713867758923,0.8800218638972397,0.8722103628954008,0.7445950329320505,2,"all","RF"
3078,4645,482,2101,0.9059879071581822,0.8646067415730337,0.9059879071581822,0.9059879071581822,0.7824475701170723,0.7493692994372211,0.49951924861176966,2,"all","NB"
4043,4796,331,1136,0.9354398283596645,0.9243255601280292,0.9354398283596645,0.9354398283596645,0.8673478614702957,0.8576557345235785,0.7155284538680271,2,"all","MLP"
4174,4011,1116,1005,0.8059470940335972,0.7996411483253588,0.8059470940335972,0.8059470940335972,0.7974018530900754,0.7941975548224335,0.5883398876083917,3,"all","DT"
4181,4809,318,998,0.9379754242246928,0.929317626139142,0.9379754242246928,0.9379754242246928,0.8796414852752881,0.8723073937512129,0.7447782238085648,3,"all","RF"
3091,4608,519,2088,0.8987712112346401,0.8562326869806094,0.8987712112346401,0.8987712112346401,0.7794975894443035,0.7470405588977295,0.49484432809532936,3,"all","NB"
4056,4776,351,1123,0.9315389116442364,0.9203539823008849,0.9315389116442364,0.9315389116442364,0.8663159804099401,0.8569765185328935,0.7141618282300269,3,"all","MLP"
4183,4012,1115,996,0.8076848812512067,0.8011182108626198,0.8076848812512067,0.8076848812512067,0.7985110241481339,0.795167863380555,0.5902775551863436,4,"all","DT"
4170,4823,304,1009,0.9407060659254924,0.9320518551631649,0.9407060659254924,0.9407060659254924,0.8801897983392646,0.8725984863186493,0.7453662655498577,4,"all","RF"
3115,4608,519,2064,0.8987712112346401,0.8571821684094661,0.8987712112346401,0.8987712112346401,0.7810831426392066,0.7493692994372211,0.49948303876413946,4,"all","NB"
4078,4790,337,1101,0.934269553345036,0.923669309173273,0.934269553345036,0.934269553345036,0.8694862951533853,0.8604696293421308,0.72114076768635,4,"all","MLP"
4187,4032,1095,992,0.8084572311256999,0.802547770700637,0.8084572311256999,0.8084572311256999,0.8004970844087562,0.7974966039200466,0.5949420443761794,5,"all","DT"
4151,4834,293,1028,0.9428515701189779,0.934068406840684,0.9428515701189779,0.9428515701189779,0.8797888797888798,0.8718222394721521,0.7438223235023629,5,"all","RF"
3076,4619,508,2103,0.9009167154281256,0.8582589285714286,0.9009167154281256,0.9009167154281256,0.7796438518018397,0.7466524354744809,0.49408211255663503,5,"all","NB"
4040,4790,337,1139,0.934269553345036,0.923006625542609,0.934269553345036,0.934269553345036,0.8664978292329957,0.8567824568212692,0.713782389542096,5,"all","MLP"
4176,4018,1109,1003,0.8063332689708438,0.8002389962158932,0.8063332689708438,0.8063332689708438,0.7981651376146789,0.7950708325247429,0.5900886844459413,6,"all","DT"
4173,4830,297,1006,0.9420713867758923,0.9335570469798657,0.9420713867758923,0.9420713867758923,0.8811456718051628,0.8735687948767709,0.7473065823567329,6,"all","RF"
3085,4620,507,2094,0.901111761263897,0.8588530066815144,0.901111761263897,0.901111761263897,0.7803394983531796,0.7476227440326023,0.49601581108817977,6,"all","NB"
4067,4804,323,1112,0.9370001950458358,0.9264236902050114,0.9370001950458358,0.9370001950458358,0.8700534275106402,0.8607607219095672,0.7217293392862377,6,"all","MLP"
4181,4013,1114,998,0.8072987063139603,0.8008381560566753,0.8072987063139603,0.8072987063139603,0.7983578384571319,0.7950708325247429,0.5900846702057125,7,"all","DT"
4209,4832,295,970,0.9424614784474351,0.9345026642984015,0.9424614784474351,0.9424614784474351,0.8842529051148321,0.8772559673976325,0.7546678369966929,7,"all","RF"
3082,4607,520,2097,0.8985761653988688,0.855635757912271,0.8985761653988688,0.8985761653988688,0.7788014538077931,0.7460702503396079,0.4929106046969332,7,"all","NB"
4073,4805,322,1106,0.9371952408816072,0.9267349260523322,0.9371952408816072,0.9371952408816072,0.8706287370900526,0.8614399379002523,0.7230854024388633,7,"all","MLP"
4128,4021,1106,1051,0.7970650704769261,0.7927839116719243,0.7970650704769261,0.7970650704769261,0.7928550849899165,0.7907044440131962,0.581375686157474,8,"all","DT"
4168,4839,288,1011,0.943826799297835,0.9353680430879713,0.943826799297835,0.943826799297835,0.8816616561902159,0.8739569183000194,0.7480857614113392,8,"all","RF"
3061,4598,529,2118,0.8968207528769261,0.8526462395543175,0.8968207528769261,0.8968207528769261,0.7764924427932112,0.7431593246652436,0.48710359878660076,8,"all","NB"
4064,4791,336,1115,0.9344645991808075,0.9236363636363636,0.9344645991808075,0.9344645991808075,0.868485452732711,0.8592082282165728,0.7186239168370494,8,"all","MLP"
4192,4024,1103,987,0.8094226684688164,0.8030333266813011,0.8094226684688164,0.8094226684688164,0.8004582776398702,0.7972055113526101,0.5943546215577363,9,"all","DT"
4199,4821,306,980,0.9403159742539496,0.9320754716981132,0.9403159742539496,0.9403159742539496,0.882320644216691,0.8752183194255774,0.7505948851002835,9,"all","RF"
3113,4610,517,2066,0.8991613029061829,0.8575757575757575,0.8991613029061829,0.8991613029061829,0.7811573328814707,0.7493692994372211,0.4994849961871556,9,"all","NB"
4074,4791,336,1105,0.9344645991808075,0.9238095238095239,0.9344645991808075,0.9344645991808075,0.8692733375669055,0.8601785367746944,0.7205603700365416,9,"all","MLP"
4165,4033,1094,1014,0.8042093068159877,0.7990885674658212,0.8042093068159877,0.8042093068159877,0.7980456026058632,0.7954589559479914,0.5908754485247499,10,"all","DT"
4148,4821,306,1031,0.9403159742539496,0.9312977099236641,0.9403159742539496,0.9403159742539496,0.8782220602969304,0.8702697457791577,0.7407169531450195,10,"all","RF"
3102,4609,518,2077,0.8989662570704116,0.8569060773480663,0.8989662570704116,0.8989662570704116,0.7803267586557183,0.7482049291674753,0.49716463945554346,10,"all","NB"
4055,4800,327,1124,0.9362200117027502,0.9253765403925148,0.9362200117027502,0.9362200117027502,0.8686996651886707,0.8592082282165728,0.718628872308851,10,"all","MLP"
4136,4029,1098,1043,0.7986097702259123,0.7943611987381703,0.7986097702259123,0.7986097702259123,0.7943916258522999,0.7922569377061905,0.5844809198252907,11,"all","DT"
4160,4838,289,1019,0.9436317534620636,0.9350415823780625,0.9436317534620636,0.9436317534620636,0.8809176984705025,0.87308364059771,0.7463421345850001,11,"all","RF"
3087,4625,502,2092,0.9020869904427541,0.8601281694065199,0.9020869904427541,0.9020869904427541,0.7809861533265788,0.7483019600232874,0.4973736441198759,11,"all","NB"
4086,4794,333,1093,0.9350497366881217,0.924643584521385,0.9350497366881217,0.9350497366881217,0.8705284183766115,0.8616339996118766,0.7234667443510099,11,"all","MLP"
4195,4030,1097,984,0.8100019308746862,0.8037495013960909,0.8100019308746862,0.8100019308746862,0.8012606245821794,0.7980787890549195,0.5961026064419707,12,"all","DT"
4212,4832,295,967,0.9424614784474351,0.9345462613712003,0.9424614784474351,0.9424614784474351,0.8844956983342486,0.8775470599650689,0.7552489339092415,12,"all","RF"
3075,4617,510,2104,0.9005266237565828,0.8577405857740585,0.9005266237565828,0.9005266237565828,0.7793720459149223,0.7463613429070445,0.4935003252779735,12,"all","NB"
4078,4785,342,1101,0.9332943241661791,0.9226244343891403,0.9332943241661791,0.9332943241661791,0.8689730318714246,0.8599844750630701,0.7201697907838215,12,"all","MLP"
4153,4041,1086,1026,0.8018922571925082,0.7975133214920072,0.8018922571925082,0.8018922571925082,0.7972739489345364,0.7950708325247429,0.5901071489383916,13,"all","DT"
4169,4826,301,1010,0.9412912034328067,0.932662192393736,0.9412912034328067,0.9412912034328067,0.880415944540728,0.8727925480302736,0.7457551262238501,13,"all","RF"
3048,4637,490,2131,0.9044275404720109,0.861503674392312,0.9044275404720109,0.9044275404720109,0.7796553173602353,0.7456821269163594,0.49216731059383617,13,"all","NB"
4042,4802,325,1137,0.936610103374293,0.9255782001373941,0.936610103374293,0.936610103374293,0.8678836074462316,0.8581408888026393,0.7164999645327953,13,"all","MLP"
4131,4019,1108,1048,0.7976443328827959,0.7931715018748766,0.7976443328827959,0.7976443328827959,0.7930504895373391,0.7908014748690083,0.5815677145412746,14,"all","DT"
4136,4844,283,1043,0.944802028476692,0.9359583616202761,0.944802028476692,0.944802028476692,0.8796077719266389,0.8713370851930914,0.7428589782674888,14,"all","RF"
3080,4624,503,2099,0.9018919446069826,0.8596148478928273,0.9018919446069826,0.9018919446069826,0.78042194092827,0.7475257131767902,0.4958264817528644,14,"all","NB"
4040,4810,317,1139,0.9381704700604642,0.9272435161808584,0.9381704700604642,0.9381704700604642,0.8685446009389671,0.8587230739375121,0.7176662017403784,14,"all","MLP"
4154,4041,1086,1025,0.8020853446611315,0.7976707461508094,0.8020853446611315,0.8020853446611315,0.7973893847778099,0.795167863380555,0.5903008257985992,15,"all","DT"
4169,4836,291,1010,0.9432416617905208,0.9347533632286995,0.9432416617905208,0.9432416617905208,0.8814362526200674,0.8737628565883951,0.7476969151863767,15,"all","RF"
3073,4623,504,2106,0.9016968987712113,0.8590998043052838,0.9016968987712113,0.9016968987712113,0.7798582995951417,0.746749466330293,0.4942793375368523,15,"all","NB"
4044,4802,325,1135,0.936610103374293,0.925612268253605,0.936610103374293,0.936610103374293,0.8680404916847433,0.8583349505142636,0.71688723548046,15,"all","MLP"
4144,4046,1081,1035,0.8001544699748986,0.7962999409565046,0.8001544699748986,0.8001544699748986,0.7966166858900423,0.7946827091014943,0.5893364666610449,16,"all","DT"
4148,4842,285,1031,0.9444119368051492,0.9357094518384841,0.9444119368051492,0.9444119368051492,0.8803636363636363,0.8723073937512129,0.7447947057610627,16,"all","RF"
3118,4623,504,2061,0.9016968987712113,0.860850358917725,0.9016968987712113,0.9016968987712113,0.7828295656591313,0.7511158548418397,0.5029767931406565,16,"all","NB"
4056,4801,326,1123,0.9364150575385215,0.9256047466910087,0.9364150575385215,0.9364150575385215,0.8688806442855851,0.8594022899281971,0.7190167029466058,16,"all","MLP"
4162,4023,1104,1017,0.8036300444101178,0.7982142857142858,0.8036300444101178,0.8036300444101178,0.7969363331737673,0.7941975548224335,0.588349562612279,17,"all","DT"
4159,4816,311,1020,0.9393407450750927,0.9304250559284116,0.9393407450750927,0.9393407450750927,0.8785916263796406,0.8708519309140307,0.7418764858916435,17,"all","RF"
3091,4627,500,2088,0.9024770821142969,0.8607630186577555,0.9024770821142969,0.9024770821142969,0.7814558351629792,0.7488841451581603,0.49853525346919136,17,"all","NB"
4071,4783,344,1108,0.9329042324946363,0.922083805209513,0.9329042324946363,0.9329042324946363,0.8682156471228897,0.8591111973607607,0.7184258655636858,17,"all","MLP"
4189,3993,1134,990,0.8088434060629465,0.8013245033112583,0.8088434060629465,0.8088434060629465,0.797752808988764,0.7939064622549971,0.5877443016756683,18,"all","DT"
4175,4810,317,1004,0.9381704700604642,0.9294300979519146,0.9381704700604642,0.9381704700604642,0.8792614934649483,0.8718222394721521,0.7438102910378935,18,"all","RF"
3082,4610,517,2097,0.8991613029061829,0.856348985829397,0.8991613029061829,0.8991613029061829,0.7791110359979719,0.7463613429070445,0.49349339261729797,18,"all","NB"
4067,4794,333,1112,0.9350497366881217,0.9243181818181818,0.9350497366881217,0.9350497366881217,0.8690292758089367,0.8597904133514458,0.7197874292415828,18,"all","MLP"
4164,4016,1111,1015,0.8040162193473643,0.7982508447624727,0.8040162193473643,0.8040162193473643,0.7966328678017984,0.7937124005433728,0.5873755100566522,19,"all","DT"
4167,4829,298,1012,0.941876340940121,0.9332586786114222,0.941876340940121,0.941876340940121,0.8805616338439095,0.8728895788860858,0.7459503011840182,19,"all","RF"
3066,4620,507,2113,0.901111761263897,0.8581024349286314,0.901111761263897,0.901111761263897,0.779089376053963,0.7457791577721715,0.4923436957183121,19,"all","NB"
4070,4792,335,1109,0.9346596450165789,0.923950056753689,0.9346596450165789,0.9346596450165789,0.8690605730866885,0.8598874442072579,0.7199799780655878,19,"all","MLP"
4154,4032,1095,1025,0.8020853446611315,0.7973106584931777,0.8020853446611315,0.8020853446611315,0.7967011891062523,0.7942945856782457,0.5885504954198751,20,"all","DT"
4164,4822,305,1015,0.9405110200897211,0.9317520698142762,0.9405110200897211,0.9405110200897211,0.8796059832178038,0.8719192703279643,0.7440099885616729,20,"all","RF"
3081,4611,516,2098,0.8993563487419544,0.8565471226021685,0.8993563487419544,0.8993563487419544,0.7791483609327474,0.7463613429070445,0.49349438300901355,20,"all","NB"
4067,4783,344,1112,0.9329042324946363,0.9220131489458173,0.9329042324946363,0.9329042324946363,0.867900562511341,0.8587230739375121,0.7176512843011329,20,"all","MLP"
4173,4036,1091,1006,0.805754006564974,0.800476001586672,0.805754006564974,0.805754006564974,0.7991956334386671,0.7965262953619251,0.5930083561819103,21,"all","DT"
4189,4830,297,990,0.9420713867758923,0.9337940258582256,0.9420713867758923,0.9420713867758923,0.882433543436558,0.8751212885697652,0.7504055869553706,21,"all","RF"
3076,4639,488,2103,0.9048176321435537,0.8630751964085297,0.9048176321435537,0.9048176321435537,0.7817002274833599,0.7485930525907238,0.4979672095099468,21,"all","NB"
4072,4805,322,1107,0.9371952408816072,0.9267182521620392,0.9371952408816072,0.9371952408816072,0.8705498686475224,0.8613429070444402,0.7228917557851551,21,"all","MLP"
4155,4022,1105,1024,0.8022784321297548,0.7970669837495046,0.8022784321297548,0.8022784321297548,0.7960532618066865,0.7934213079759364,0.5867993249274301,22,"all","DT"
4170,4820,307,1009,0.9401209284181783,0.9314272950636587,0.9401209284181783,0.9401209284181783,0.8798831690397956,0.8723073937512129,0.7447837180292715,22,"all","RF"
3108,4613,514,2071,0.8997464404134972,0.8580894533406958,0.8997464404134972,0.8997464404134972,0.7811362289391246,0.7491752377255967,0.4991013685257686,22,"all","NB"
4077,4801,326,1102,0.9364150575385215,0.9259595730183966,0.9364150575385215,0.9364150575385215,0.870534904805077,0.8614399379002523,0.7230832348840693,22,"all","MLP"
4170,3969,1158,1009,0.8051747441591041,0.797308155885898,0.8051747441591041,0.8051747441591041,0.7937565432568764,0.7897341354550748,0.5793961992867567,23,"all","DT"
4168,4810,317,1011,0.9381704700604642,0.9293199554069119,0.9381704700604642,0.9381704700604642,0.8786993058092801,0.8711430234814671,0.7424545018009823,23,"all","RF"
3077,4619,508,2102,0.9009167154281256,0.8582984658298466,0.9009167154281256,0.9009167154281256,0.7797096556380824,0.746749466330293,0.49427538216354655,23,"all","NB"
4037,4798,329,1142,0.9358299200312074,0.9246449839670179,0.9358299200312074,0.9358299200312074,0.8670823167976869,0.8572676111003299,0.7147550313614452,23,"all","MLP"
4169,4013,1114,1010,0.8049816566904808,0.7989249452518415,0.8049816566904808,0.8049816566904808,0.7969795450200726,0.7939064622549971,0.5877604502804874,24,"all","DT"
4164,4825,302,1015,0.9410961575970354,0.9323779668607255,0.9410961575970354,0.9410961575970354,0.8799124646667276,0.8722103628954008,0.7445925337933591,24,"all","RF"
3085,4599,528,2094,0.8970157987126974,0.8538610572931082,0.8970157987126974,0.8970157987126974,0.7781725888324874,0.7455850960605472,0.49193630356107626,24,"all","NB"
4042,4790,337,1137,0.934269553345036,0.9230417903630966,0.934269553345036,0.934269553345036,0.8666546046679935,0.8569765185328935,0.7141696589610422,24,"all","MLP"
4171,4022,1105,1008,0.8053678316277274,0.7996023856858847,0.8053678316277274,0.8053678316277274,0.7978957436633191,0.7949738016689307,0.5898982121083708,25,"all","DT"
4181,4834,293,998,0.9428515701189779,0.9345105051408136,0.9428515701189779,0.9428515701189779,0.8821972807737932,0.8747331651465166,0.7496327866145212,25,"all","RF"
3053,4624,503,2126,0.9018919446069826,0.858548931383577,0.9018919446069826,0.9018919446069826,0.7786478066851897,0.7449058800698622,0.49060830426670404,25,"all","NB"
4033,4809,318,1146,0.9379754242246928,0.926913353252126,0.9379754242246928,0.9379754242246928,0.8678938819707634,0.857946827091015,0.7161165836370765,25,"all","MLP"
4160,3986,1141,1019,0.8032438694728712,0.7964035964035964,0.8032438694728712,0.8032438694728712,0.7938931297709924,0.7904133514457597,0.5807659493880143,26,"all","DT"
4201,4808,319,978,0.9377803783889214,0.929424778761062,0.9377803783889214,0.9377803783889214,0.8811509209200037,0.8741509800116437,0.7484578677040423,26,"all","RF"
3097,4600,527,2082,0.8972108445484689,0.8545805739514348,0.8972108445484689,0.8972108445484689,0.7790668134473706,0.7468464971861052,0.49444987044226374,26,"all","NB"
4088,4795,332,1091,0.9352447825238931,0.9248868778280543,0.9352447825238931,0.9352447825238931,0.8707890674657223,0.861925092179313,0.7240482413620083,26,"all","MLP"
4170,4013,1114,1009,0.8051747441591041,0.799084030266826,0.8051747441591041,0.8051747441591041,0.7970945235592086,0.7940034931108092,0.5879541331878568,27,"all","DT"
4171,4845,282,1008,0.9449970743124634,0.9366719065798338,0.9449970743124634,0.9449970743124634,0.8825136612021858,0.8748301960023287,0.7498318600126924,27,"all","RF"
3063,4623,504,2116,0.9016968987712113,0.8587047939444912,0.9016968987712113,0.9016968987712113,0.7792010787122872,0.7457791577721715,0.49234667355025785,27,"all","NB"
4050,4814,313,1129,0.9389506534035499,0.9282603713041485,0.9389506534035499,0.9389506534035499,0.8697380307136405,0.8600815059188822,0.7203793083218456,27,"all","MLP"
4169,4017,1110,1010,0.8049816566904808,0.7990849413168888,0.8049816566904808,0.8049816566904808,0.7972843755976287,0.7942945856782457,0.5885384076983721,28,"all","DT"
4216,4840,287,963,0.9440218451336064,0.9362647124139463,0.9440218451336064,0.9440218451336064,0.8856358645928637,0.8787114302348147,0.757577151248034,28,"all","RF"
3098,4612,515,2081,0.8995513945777258,0.8574591752006643,0.8995513945777258,0.8995513945777258,0.7803722504230118,0.7481078983116631,0.49697431122980706,28,"all","NB"
4088,4801,326,1091,0.9364150575385215,0.9261440869959221,0.9364150575385215,0.9364150575385215,0.8714039386514203,0.8625072773141859,0.7252133897357441,28,"all","MLP"
4160,4014,1113,1019,0.8032438694728712,0.7975362606795152,0.8032438694728712,0.8032438694728712,0.7960199004975125,0.7931302154084999,0.5862118111030732,29,"all","DT"
4156,4834,293,1023,0.9428515701189779,0.9341425039334682,0.9428515701189779,0.9428515701189779,0.8801893663510562,0.8723073937512129,0.7447907103316975,29,"all","RF"
3088,4603,524,2091,0.8977959820557831,0.8549280177187154,0.8977959820557831,0.8977959820557831,0.7787835208527197,0.7462643120512323,0.4932931856404627,29,"all","NB"
4071,4802,325,1108,0.936610103374293,0.9260691537761602,0.936610103374293,0.936610103374293,0.8701639938389055,0.8609547836211915,0.7221155416206567,29,"all","MLP"
4201,4008,1119,978,0.8111604556864259,0.8038507821901324,0.8111604556864259,0.8111604556864259,0.8002666920659111,0.7965262953619251,0.592986036006463,30,"all","DT"
4170,4825,302,1009,0.9410961575970354,0.932468694096601,0.9410961575970354,0.9410961575970354,0.8803941246236656,0.8727925480302736,0.7457546286634942,30,"all","RF"
3094,4614,513,2085,0.8999414862492686,0.8577765456057665,0.8999414862492686,0.8999414862492686,0.780314561136479,0.7479138366000389,0.4965897252365748,30,"all","NB"
4072,4790,337,1107,0.934269553345036,0.9235654343388523,0.934269553345036,0.934269553345036,0.8690130624092889,0.8598874442072579,0.7199788821278699,30,"all","MLP"
4167,4056,1071,1012,0.8045954817532343,0.8003157063930545,0.8045954817532343,0.8045954817532343,0.8000383987712394,0.7978847273432952,0.5957358083904234,31,"all","DT"
4182,4832,295,997,0.9424614784474351,0.9341076613803887,0.9424614784474351,0.9424614784474351,0.882073749543629,0.8746361342907044,0.7494381183083728,31,"all","RF"
3131,4628,499,2048,0.9026721279500682,0.862534435261708,0.9026721279500682,0.9026721279500682,0.7842074048970602,0.7528624102464584,0.5064608150556272,31,"all","NB"
4073,4788,339,1106,0.9338794616734932,0.9231640979147778,0.9338794616734932,0.9338794616734932,0.8688866709010071,0.8597904133514458,0.7197841391579886,31,"all","MLP"
4176,4015,1112,1003,0.8063332689708438,0.8001195695496214,0.8063332689708438,0.8063332689708438,0.7979363714531384,0.7947797399573064,0.589505218080114,32,"all","DT"
4187,4822,305,992,0.9405110200897211,0.9321015138023152,0.9405110200897211,0.9405110200897211,0.8814550772324284,0.8741509800116437,0.748464759633723,32,"all","RF"
3075,4618,509,2104,0.9007216695923542,0.8579799107142857,0.9007216695923542,0.9007216695923542,0.7794750611865979,0.7464583737628566,0.49369458449271825,32,"all","NB"
4077,4785,342,1102,0.9332943241661791,0.9226069246435845,0.9332943241661791,0.9332943241661791,0.8688941347376067,0.8598874442072579,0.7199761422460437,32,"all","MLP"
4166,3986,1141,1013,0.8044023942846109,0.7973594718943788,0.8044023942846109,0.8044023942846109,0.7945832538622926,0.7909955365806326,0.5819280319088129,33,"all","DT"
4168,4818,309,1011,0.9397308367466355,0.9309805673442038,0.9397308367466355,0.9397308367466355,0.8795180722891566,0.8719192703279643,0.7440079846494213,33,"all","RF"
3131,4627,500,2048,0.9024770821142969,0.8622968879096667,0.9024770821142969,0.9024770821142969,0.7841043890865955,0.7527653793906462,0.5062665595857795,33,"all","NB"
4049,4788,339,1130,0.9338794616734932,0.9227438468550593,0.9338794616734932,0.9338794616734932,0.8669986419194206,0.8574616728119542,0.7151367242734896,33,"all","MLP"
4157,3997,1130,1022,0.8026646070670014,0.796373779637378,0.8026646070670014,0.8026646070670014,0.794381807758456,0.791189598292257,0.5823243945133556,34,"all","DT"
4161,4825,302,1018,0.9410961575970354,0.9323325117633878,0.9410961575970354,0.9410961575970354,0.8796718322698267,0.8719192703279643,0.7440114914752729,34,"all","RF"
3092,4620,507,2087,0.901111761263897,0.8591275354265073,0.901111761263897,0.901111761263897,0.780801081629204,0.7483019600232874,0.49736873008770877,34,"all","NB"
4037,4800,327,1142,0.9362200117027502,0.9250687442713107,0.9362200117027502,0.9362200117027502,0.8672870177974524,0.8574616728119542,0.7151434133379554,34,"all","MLP"
4188,4011,1116,991,0.8086503185943232,0.8018792483006797,0.8086503185943232,0.8086503185943232,0.7990079175808451,0.7955559868038036,0.5910515093646078,35,"all","DT"
4176,4817,310,1003,0.939535790910864,0.9308961212661614,0.939535790910864,0.939535790910864,0.8800584635059834,0.8725984863186493,0.7453632755807316,35,"all","RF"
3102,4602,525,2077,0.8976009362200117,0.8552522746071133,0.8976009362200117,0.8976009362200117,0.7796035913942063,0.7475257131767902,0.4958047928625053,35,"all","NB"
4071,4789,338,1108,0.9340745075092647,0.9233386255386709,0.9340745075092647,0.9340745075092647,0.8688316400580551,0.8596933824956337,0.7195910412443906,35,"all","MLP"
4167,3995,1132,1012,0.8045954817532343,0.7978829638506092,0.8045954817532343,0.8045954817532343,0.7953807978621875,0.7919658451387541,0.583872201828328,36,"all","DT"
4174,4821,306,1005,0.9403159742539496,0.9316964285714285,0.9403159742539496,0.9403159742539496,0.880306765269789,0.8727925480302736,0.7457526384025958,36,"all","RF"
3067,4624,503,2112,0.9018919446069826,0.8591036414565826,0.9018919446069826,0.9018919446069826,0.7795667200539492,0.7462643120512323,0.49331399153819655,36,"all","NB"
4067,4784,343,1112,0.9330992783304076,0.9222222222222223,0.9330992783304076,0.9330992783304076,0.8680032658985757,0.8588201047933243,0.717845481195814,36,"all","MLP"
4129,4035,1092,1050,0.7972581579455493,0.7935103244837758,0.7972581579455493,0.7972581579455493,0.7940384615384615,0.7921599068503784,0.5842921347121256,37,"all","DT"
4166,4833,294,1013,0.9426565242832066,0.9340807174887893,0.9426565242832066,0.9426565242832066,0.8808894559373006,0.8731806714535222,0.7465333344724013,37,"all","RF"
3087,4623,504,2092,0.9016968987712113,0.8596491228070176,0.9016968987712113,0.9016968987712113,0.780780273602432,0.7481078983116631,0.4969851306051086,37,"all","NB"
4047,4806,321,1132,0.9373902867173786,0.926510989010989,0.9373902867173786,0.9373902867173786,0.8686850429281517,0.8590141665049486,0.7182449011186536,37,"all","MLP"
4162,4019,1108,1017,0.8036300444101178,0.7980540111199365,0.8036300444101178,0.8036300444101178,0.796631256579577,0.7938094313991849,0.5875716143584757,38,"all","DT"
4169,4815,312,1010,0.9391456992393212,0.9303726846686008,0.9391456992393212,0.9391456992393212,0.8792914536157779,0.87172520861634,0.7436191144734718,38,"all","RF"
3061,4635,492,2118,0.9040374488004681,0.8615254714325922,0.9040374488004681,0.9040374488004681,0.7803030303030302,0.746749466330293,0.49429120328554876,38,"all","NB"
4044,4788,339,1135,0.9338794616734932,0.9226557152635181,0.9338794616734932,0.9338794616734932,0.8666063348416289,0.8569765185328935,0.7141685403114516,38,"all","MLP"
4174,4016,1111,1005,0.8059470940335972,0.7998406691894046,0.8059470940335972,0.8059470940335972,0.797782874617737,0.7946827091014943,0.589312337257392,39,"all","DT"
4176,4834,293,1003,0.9428515701189779,0.9344372342805997,0.9428515701189779,0.9428515701189779,0.8817949653411163,0.8742480108674558,0.748664352406006,39,"all","RF"
3077,4636,491,2102,0.9042324946362396,0.8623878923766816,0.9042324946362396,0.9042324946362396,0.7814580699536451,0.7483989908790996,0.49757772427572666,39,"all","NB"
4043,4802,325,1136,0.936610103374293,0.9255952380952381,0.936610103374293,0.936610103374293,0.8679620424762765,0.8582379196584514,0.7166935998171735,39,"all","MLP"
4165,4029,1098,1014,0.8042093068159877,0.7989292088042832,0.8042093068159877,0.8042093068159877,0.797739896571538,0.7950708325247429,0.5900975154977022,40,"all","DT"
4157,4829,298,1022,0.941876340940121,0.9331088664421998,0.941876340940121,0.941876340940121,0.8797595190380763,0.8719192703279643,0.7440134953326221,40,"all","RF"
3042,4618,509,2137,0.9007216695923542,0.8566600957476768,0.9007216695923542,0.9007216695923542,0.7773102171351624,0.7432563555210557,0.48731691196346577,40,"all","NB"
4057,4802,325,1122,0.936610103374293,0.9258329529895025,0.936610103374293,0.936610103374293,0.8690616233824994,0.8595963516398215,0.7194045335843609,40,"all","MLP"
4194,4002,1125,985,0.809808843406063,0.802486464808502,0.809808843406063,0.809808843406063,0.7990093351114499,0.7952648942363671,0.5904632222275917,41,"all","DT"
4199,4833,294,980,0.9426565242832066,0.9345648787002003,0.9426565242832066,0.9426565242832066,0.8835466179159049,0.8763826896953231,0.7529250502689647,41,"all","RF"
3093,4606,521,2086,0.8983811195630973,0.8558384061981185,0.8983811195630973,0.8983811195630973,0.7794229630256366,0.7470405588977295,0.4948423525621354,41,"all","NB"
4074,4810,317,1105,0.9381704700604642,0.9278068777043954,0.9381704700604642,0.9381704700604642,0.8712189820684658,0.8620221230351252,0.7242499883623441,41,"all","MLP"
4141,3998,1129,1038,0.7995752075690288,0.7938840349483717,0.7995752075690288,0.7995752075690288,0.7926117331802086,0.7897341354550748,0.5794200886187375,42,"all","DT"
4169,4828,299,1010,0.9416812951043495,0.9330796777081468,0.9416812951043495,0.9416812951043495,0.8806201550387597,0.8729866097418979,0.7461434870564274,42,"all","RF"
3112,4622,505,2067,0.9015018529354398,0.8603815316560686,0.9015018529354398,0.9015018529354398,0.7823290453622207,0.7504366388511546,0.5016228308247797,42,"all","NB"
4039,4797,330,1140,0.9356348741954359,0.9244678416113528,0.9356348741954359,0.9356348741954359,0.8671366594360087,0.857364641956142,0.7149481069563535,42,"all","MLP"
4166,4029,1098,1013,0.8044023942846109,0.7990876636255454,0.8044023942846109,0.8044023942846109,0.7978550225031121,0.795167863380555,0.5902911969003398,43,"all","DT"
4161,4839,288,1018,0.943826799297835,0.935266351989211,0.943826799297835,0.943826799297835,0.881099781500364,0.8732777023093343,0.7467299906483258,43,"all","RF"
3069,4645,482,2110,0.9059879071581822,0.8642635877217685,0.9059879071581822,0.9059879071581822,0.7818549065813835,0.7484960217349117,0.49777983212747656,43,"all","NB"
4068,4794,333,1111,0.9350497366881217,0.9243353783231084,0.9350497366881217,0.9350497366881217,0.869108049311095,0.8598874442072579,0.7199810739947272,43,"all","MLP"
4153,3993,1134,1026,0.8018922571925082,0.7955768081291094,0.8018922571925082,0.8018922571925082,0.7936174278616471,0.7904133514457597,0.5807716970951895,44,"all","DT"
4181,4804,323,998,0.9370001950458358,0.9282859680284192,0.9370001950458358,0.9370001950458358,0.8791289230487692,0.8718222394721521,0.743807282745163,44,"all","RF"
3064,4630,497,2115,0.903062219621611,0.8604324627913508,0.903062219621611,0.903062219621611,0.7799865229110512,0.7465554046186688,0.4938997287477354,44,"all","NB"
4063,4797,330,1116,0.9356348741954359,0.9248804916913271,0.9356348741954359,0.9356348741954359,0.8690217391304348,0.8596933824956337,0.7195954310153976,44,"all","MLP"
4152,3993,1134,1027,0.8016991697238849,0.7954183266932271,0.8016991697238849,0.8016991697238849,0.7935021500238891,0.7903163205899476,0.5805780206524676,45,"all","DT"
4152,4814,313,1027,0.9389506534035499,0.9298992161254199,0.9389506534035499,0.9389506534035499,0.8778264040846098,0.8699786532117213,0.7401323691500644,45,"all","RF"
3079,4601,526,2100,0.8974058903842403,0.8540915395284328,0.8974058903842403,0.8974058903842403,0.777984443692932,0.7451969726372987,0.4911652052968871,45,"all","NB"
4059,4810,317,1120,0.9381704700604642,0.9275594149908593,0.9381704700604642,0.9381704700604642,0.8700370805824365,0.8605666601979429,0.7213453226210017,45,"all","MLP"
4172,3983,1144,1007,0.8055609190963506,0.7981963927855712,0.8055609190963506,0.8055609190963506,0.7950452596474512,0.7912866291480691,0.5825066251597838,46,"all","DT"
4188,4815,312,991,0.9391456992393212,0.9306666666666666,0.9391456992393212,0.9391456992393212,0.8808195371810115,0.8735687948767709,0.7472991642914347,46,"all","RF"
3127,4599,528,2052,0.8970157987126974,0.8555403556771546,0.8970157987126974,0.8970157987126974,0.7809475292919001,0.7496603920046575,0.5000540944903832,46,"all","NB"
4090,4776,351,1089,0.9315389116442364,0.9209637469038505,0.9315389116442364,0.9315389116442364,0.868995633187773,0.8602755676305065,0.7207458203718128,46,"all","MLP"
4140,4018,1109,1039,0.7993821201004054,0.7945422187067431,0.7993821201004054,0.7993821201004054,0.7940161104718068,0.7915777217155056,0.5831162566801376,47,"all","DT"
4172,4825,302,1007,0.9410961575970354,0.9324988824318283,0.9410961575970354,0.9410961575970354,0.8805547951455424,0.8729866097418979,0.7461419966525238,47,"all","RF"
3082,4607,520,2097,0.8985761653988688,0.855635757912271,0.8985761653988688,0.8985761653988688,0.7788014538077931,0.7460702503396079,0.4929106046969332,47,"all","NB"
4048,4790,337,1131,0.934269553345036,0.9231470923603192,0.934269553345036,0.934269553345036,0.8671252715423605,0.8575587036677663,0.7153314763117988,47,"all","MLP"
4176,4025,1102,1003,0.8063332689708438,0.8005171042163882,0.8063332689708438,0.8063332689708438,0.7986994357846419,0.7957500485154279,0.5914500926340966,48,"all","DT"
4178,4828,299,1001,0.9416812951043495,0.9332142059414786,0.9416812951043495,0.9416812951043495,0.8813435560423512,0.8738598874442073,0.7478866515486724,48,"all","RF"
3117,4621,506,2062,0.9013068070996684,0.8603367375103506,0.9013068070996684,0.9013068070996684,0.7825571549534291,0.7508247622744033,0.5023949929434941,48,"all","NB"
4055,4797,330,1124,0.9356348741954359,0.9247434435575826,0.9356348741954359,0.9356348741954359,0.8683924692251991,0.8589171356491364,0.7180462987447926,48,"all","MLP"
4155,4016,1111,1024,0.8022784321297548,0.7968253968253968,0.8022784321297548,0.8022784321297548,0.7955959789372906,0.7928391228410635,0.58563239800906,49,"all","DT"
4173,4838,289,1006,0.9436317534620636,0.9352308381891529,0.9436317534620636,0.9436317534620636,0.8819615349557925,0.874345041723268,0.748860004422052,49,"all","RF"
3076,4615,512,2103,0.90013653208504,0.8573021181716833,0.90013653208504,0.90013653208504,0.7792317433516252,0.7462643120512323,0.4933050749341048,49,"all","NB"
4043,4790,337,1136,0.934269553345036,0.9230593607305936,0.934269553345036,0.934269553345036,0.8667330136614494,0.8570735493887056,0.7143632942388823,49,"all","MLP"
4161,4001,1126,1018,0.8034369569414945,0.7971707511456465,0.8034369569414945,0.8034369569414945,0.7951461876552647,0.7919658451387541,0.5838770919315215,50,"all","DT"
4159,4822,305,1020,0.9405110200897211,0.9316756272401434,0.9405110200897211,0.9405110200897211,0.8792050323639348,0.8714341160489035,0.7430415866007124,50,"all","RF"
3076,4615,512,2103,0.90013653208504,0.8573021181716833,0.90013653208504,0.90013653208504,0.7792317433516252,0.7462643120512323,0.4933050749341048,50,"all","NB"
4052,4783,344,1127,0.9329042324946363,0.921747042766151,0.9329042324946363,0.9329042324946363,0.8667210292651988,0.8572676111003299,0.7147466585652381,50,"all","MLP"
4152,4007,1120,1027,0.8016991697238849,0.7959872864521256,0.8016991697238849,0.8016991697238849,0.7945651133862788,0.7916747525713177,0.5833009514199737,51,"all","DT"
4180,4829,298,999,0.941876340940121,0.9334524341223761,0.941876340940121,0.941876340940121,0.8816065723413967,0.8741509800116437,0.7484682054569428,51,"all","RF"
3089,4605,522,2090,0.898186073727326,0.855441705898643,0.898186073727326,0.898186073727326,0.7790559972931822,0.7465554046186688,0.4938749884793281,51,"all","NB"
4059,4814,313,1120,0.9389506534035499,0.9284080512351327,0.9389506534035499,0.9389506534035499,0.870445710152789,0.8609547836211915,0.7221220668619347,51,"all","MLP"
4162,3997,1130,1017,0.8036300444101178,0.7971679297965696,0.8036300444101178,0.8036300444101178,0.7949575016712825,0.7916747525713177,0.5832927900196593,52,"all","DT"
4186,4813,314,993,0.9387556075677784,0.9302222222222222,0.9387556075677784,0.9387556075677784,0.88045367236806,0.8731806714535222,0.7465234134527283,52,"all","RF"
3101,4608,519,2078,0.8987712112346401,0.8566298342541436,0.8987712112346401,0.8987712112346401,0.7801574536527555,0.748010867455851,0.49677709775184836,52,"all","NB"
4082,4795,332,1097,0.9352447825238931,0.9247847757136384,0.9352447825238931,0.9352447825238931,0.8703149106089482,0.8613429070444402,0.722886333050373,52,"all","MLP"
4155,4040,1087,1024,0.8022784321297548,0.7977883096366508,0.8022784321297548,0.8022784321297548,0.7974282698397467,0.795167863380555,0.5903000234076975,53,"all","DT"
4163,4827,300,1016,0.9414862492685782,0.9327806408245575,0.9414862492685782,0.9414862492685782,0.8800364630811304,0.8723073937512129,0.7447872142283781,53,"all","RF"
3073,4624,503,2106,0.9018919446069826,0.8593400447427293,0.9018919446069826,0.9018919446069826,0.7799612043518597,0.7468464971861052,0.4944735944706578,53,"all","NB"
4055,4796,331,1124,0.9354398283596645,0.9245326037391701,0.9354398283596645,0.9354398283596645,0.8682900334932561,0.8588201047933243,0.7178521067967678,53,"all","MLP"
4191,4019,1108,988,0.809229581000193,0.8026762532454563,0.809229581000193,0.809229581000193,0.7999618247757205,0.7966233262177372,0.593188495817246,54,"all","DT"
4151,4841,286,1028,0.9442168909693778,0.9355420329051161,0.9442168909693778,0.9442168909693778,0.8805020007275373,0.8725014554628372,0.7451815584246967,54,"all","RF"
3084,4611,516,2095,0.8993563487419544,0.8566666666666667,0.8993563487419544,0.8993563487419544,0.779345897067523,0.7466524354744809,0.4940741986088706,54,"all","NB"
4048,4790,337,1131,0.934269553345036,0.9231470923603192,0.934269553345036,0.934269553345036,0.8671252715423605,0.8575587036677663,0.7153314763117988,54,"all","MLP"
4180,4031,1096,999,0.8071056188453369,0.8013916500994036,0.8071056188453369,0.8071056188453369,0.7996174079387852,0.7967203570735494,0.5933917436663686,55,"all","DT"
4201,4822,305,978,0.9405110200897211,0.93231247225921,0.9405110200897211,0.9405110200897211,0.8825844239040909,0.8755094119930138,0.7511764575927097,55,"all","RF"
3123,4624,503,2056,0.9018919446069826,0.8612796469939327,0.9018919446069826,0.9018919446069826,0.7832641653256543,0.7516980399767126,0.5041374813198802,55,"all","NB"
4068,4787,340,1111,0.9336844158377219,0.9228675136116152,0.9336844158377219,0.9336844158377219,0.8683900226757371,0.8592082282165728,0.7186217143491088,55,"all","MLP"
4160,4020,1107,1019,0.8032438694728712,0.7977773367731693,0.8032438694728712,0.8032438694728712,0.7964771204288722,0.7937124005433728,0.5873787426161784,56,"all","DT"
4177,4815,312,1002,0.9391456992393212,0.9304967698819336,0.9391456992393212,0.9391456992393212,0.8799342105263156,0.8725014554628372,0.7451685924552984,56,"all","RF"
3091,4628,499,2088,0.9026721279500682,0.8610027855153203,0.9026721279500682,0.9026721279500682,0.7815587266739846,0.7489811760139724,0.49872950890099577,56,"all","NB"
4060,4800,327,1119,0.9362200117027502,0.9254615910645088,0.9362200117027502,0.9362200117027502,0.8690928843020098,0.8596933824956337,0.719597077144091,56,"all","MLP"
4150,4020,1107,1029,0.8013129947866383,0.7961972667855021,0.8013129947866383,0.8013129947866383,0.7953238788807973,0.7927420919852514,0.5854419684901022,57,"all","DT"
4161,4821,306,1018,0.9403159742539496,0.931497649429147,0.9403159742539496,0.9403159742539496,0.8792631770928323,0.8715311469047157,0.7432347637455453,57,"all","RF"
3075,4617,510,2104,0.9005266237565828,0.8577405857740585,0.9005266237565828,0.9005266237565828,0.7793720459149223,0.7463613429070445,0.4935003252779735,57,"all","NB"
4049,4805,322,1130,0.9371952408816072,0.9263326469915352,0.9371952408816072,0.9371952408816072,0.8687398300488157,0.8591111973607607,0.7184379873349409,57,"all","MLP"
4174,4028,1099,1005,0.8059470940335972,0.8003179018478045,0.8059470940335972,0.8059470940335972,0.7986988136241867,0.7958470793712401,0.5916461775613818,58,"all","DT"
4185,4840,287,994,0.9440218451336064,0.9358228980322003,0.9440218451336064,0.9440218451336064,0.8831311011769,0.8757034737046381,0.7515726005476248,58,"all","RF"
3077,4611,516,2102,0.8993563487419544,0.8563874199833008,0.8993563487419544,0.8993563487419544,0.7788851351351351,0.7459732194837958,0.4927213008332829,58,"all","NB"
4091,4798,329,1088,0.9358299200312074,0.9255656108597285,0.9358299200312074,0.9358299200312074,0.8713338781440116,0.8625072773141859,0.7252117765354642,58,"all","MLP"
4173,4024,1103,1006,0.805754006564974,0.8,0.805754006564974,0.805754006564974,0.7982783357245338,0.7953619250921793,0.5906745524545925,59,"all","DT"
4161,4838,289,1018,0.9436317534620636,0.9350561797752809,0.9436317534620636,0.9436317534620636,0.8809979058545024,0.8731806714535222,0.7465358146059751,59,"all","RF"
3112,4606,521,2067,0.8983811195630973,0.8565923479218277,0.8983811195630973,0.8983811195630973,0.7806779661016948,0.7488841451581603,0.4985146615478121,59,"all","NB"
4056,4806,321,1123,0.9373902867173786,0.9266620973269363,0.9373902867173786,0.9373902867173786,0.8693921852387844,0.8598874442072579,0.719987649389422,59,"all","MLP"
4182,4023,1104,997,0.8074917937825835,0.801394422310757,0.8074917937825835,0.8074917937825835,0.799235547061634,0.7961381719386765,0.5922232398846989,60,"all","DT"
4185,4830,297,994,0.9420713867758923,0.9337349397590361,0.9420713867758923,0.9420713867758923,0.8821112227193864,0.8747331651465166,0.7496308267084366,60,"all","RF"
3080,4631,496,2099,0.9032572654573825,0.8612975391498882,0.9032572654573825,0.9032572654573825,0.7811419414691744,0.7482049291674753,0.497186269701555,60,"all","NB"
4067,4797,330,1112,0.9356348741954359,0.9249488287468729,0.9356348741954359,0.9356348741954359,0.8693367162015222,0.8600815059188822,0.7203700062450454,60,"all","MLP"
4183,4025,1102,996,0.8076848812512067,0.8016331408086038,0.8076848812512067,0.8076848812512067,0.7995030581039755,0.796429264506113,0.592805899605864,61,"all","DT"
4182,4821,306,997,0.9403159742539496,0.9318181818181818,0.9403159742539496,0.9403159742539496,0.8809502055733209,0.8735687948767709,0.747302131569817,61,"all","RF"
3117,4624,503,2062,0.9018919446069826,0.861049723756906,0.9018919446069826,0.9018919446069826,0.7828663337001609,0.7511158548418397,0.5029777650109707,61,"all","NB"
4076,4809,318,1103,0.9379754242246928,0.9276285844333182,0.9379754242246928,0.9379754242246928,0.871274571972099,0.8621191538909373,0.7244430965505284,61,"all","MLP"
4164,4016,1111,1015,0.8040162193473643,0.7982508447624727,0.8040162193473643,0.8040162193473643,0.7966328678017984,0.7937124005433728,0.5873755100566522,62,"all","DT"
4191,4824,303,988,0.9409011117612639,0.9325767690253671,0.9409011117612639,0.9409011117612639,0.8819818996251942,0.8747331651465166,0.7496278867917754,62,"all","RF"
3078,4620,507,2101,0.901111761263897,0.8585774058577406,0.901111761263897,0.901111761263897,0.7798784604996624,0.7469435280419173,0.49466291060633305,62,"all","NB"
4056,4811,316,1123,0.9383655158962356,0.9277218664226898,0.9383655158962356,0.9383655158962356,0.8699032637193745,0.8603725984863186,0.7209585863323965,62,"all","MLP"
4183,4033,1094,996,0.8076848812512067,0.8019486975541857,0.8076848812512067,0.8076848812512067,0.8001147666411629,0.7972055113526101,0.5943617718671262,63,"all","DT"
4158,4821,306,1021,0.9403159742539496,0.9314516129032258,0.9403159742539496,0.9403159742539496,0.8790227003373142,0.8712400543372792,0.742653724844638,63,"all","RF"
3049,4618,509,2130,0.9007216695923542,0.8569421023046655,0.9007216695923542,0.9007216695923542,0.7777684210526316,0.7439355715117407,0.48866971720382707,63,"all","NB"
4046,4786,341,1133,0.9334893700019504,0.9222703441987691,0.9334893700019504,0.9334893700019504,0.8665580300561287,0.8569765185328935,0.7141674216531052,63,"all","MLP"
4205,4046,1081,974,0.8119328055609191,0.8059760956175299,0.8119328055609191,0.8119328055609191,0.8036311514572384,0.8006015913060354,0.6011512412960763,64,"all","DT"
4172,4820,307,1007,0.9401209284181783,0.9314579147131056,0.9401209284181783,0.9401209284181783,0.8800438196092751,0.8725014554628372,0.7451710860134267,64,"all","RF"
3089,4629,498,2090,0.9028671737858397,0.861165319208252,0.9028671737858397,0.9028671737858397,0.7815296302549384,0.7488841451581603,0.498537214516364,64,"all","NB"
4086,4790,337,1093,0.934269553345036,0.9238073705629664,0.934269553345036,0.934269553345036,0.8701180744777476,0.861245876188628,0.7226899696523336,64,"all","MLP"
4156,4030,1097,1023,0.802471519598378,0.7975460122699386,0.802471519598378,0.802471519598378,0.7967791411042944,0.7942945856782457,0.5885488837647095,65,"all","DT"
4162,4822,305,1017,0.9405110200897211,0.9317215133199015,0.9405110200897211,0.9405110200897211,0.8794455590005472,0.87172520861634,0.7436226266401894,65,"all","RF"
3100,4609,518,2079,0.8989662570704116,0.8568269762299613,0.8989662570704116,0.8989662570704116,0.7801946677951757,0.748010867455851,0.49677808174301225,65,"all","NB"
4071,4800,327,1108,0.9362200117027502,0.9256480218281037,0.9362200117027502,0.9362200117027502,0.8699592206615314,0.8607607219095672,0.7217271611274871,65,"all","MLP"
4154,4028,1099,1025,0.8020853446611315,0.7971502077973481,0.8020853446611315,0.8020853446611315,0.7963957055214723,0.7939064622549971,0.5877725609038881,66,"all","DT"
4155,4835,292,1024,0.9430466159547494,0.9343377557904206,0.9430466159547494,0.9430466159547494,0.8802111778627343,0.8723073937512129,0.7447912097672097,66,"all","RF"
3045,4630,497,2134,0.903062219621611,0.8596837944664032,0.903062219621611,0.903062219621611,0.7787402236985956,0.744711818358238,0.49022776397103324,66,"all","NB"
4049,4800,327,1130,0.9362200117027502,0.9252742230347349,0.9362200117027502,0.9362200117027502,0.8682282716830968,0.8586260430817,0.7174670390109947,66,"all","MLP"
4157,4039,1088,1022,0.8026646070670014,0.7980636237897649,0.8026646070670014,0.8026646070670014,0.7975825019186493,0.7952648942363671,0.5904928990102337,67,"all","DT"
4192,4836,291,987,0.9432416617905208,0.9350881106401963,0.9432416617905208,0.9432416617905208,0.8832876712328768,0.8759945662720745,0.7521517300043593,67,"all","RF"
3082,4620,507,2097,0.901111761263897,0.8587350236834773,0.901111761263897,0.901111761263897,0.7801418439716312,0.7473316514651659,0.4954359943285106,67,"all","NB"
4088,4793,334,1091,0.9348546908523503,0.924468566259611,0.9348546908523503,0.9348546908523503,0.8705839614930524,0.8617310304676887,0.7236598555306321,67,"all","MLP"
4179,4012,1115,1000,0.8069125313767137,0.8004788507581804,0.8069125313767137,0.8069125313767137,0.7980521340590089,0.7947797399573064,0.5895028061100253,68,"all","DT"
4173,4832,295,1006,0.9424614784474351,0.933974932855864,0.9424614784474351,0.9424614784474351,0.8813497492020063,0.8737628565883951,0.7476949401531032,68,"all","RF"
3098,4621,506,2081,0.9013068070996684,0.8596004439511654,0.9013068070996684,0.9013068070996684,0.7813001944373996,0.7489811760139724,0.4987226477806777,68,"all","NB"
4046,4788,339,1133,0.9338794616734932,0.922690992018244,0.9338794616734932,0.9338794616734932,0.8667632150615496,0.8571705802445178,0.714555812759515,68,"all","MLP"
4156,4017,1110,1023,0.802471519598378,0.7970238095238096,0.802471519598378,0.802471519598378,0.7957874581139301,0.7930331845526878,0.5860205643809484,69,"all","DT"
4183,4833,294,996,0.9426565242832066,0.9343310252401161,0.9426565242832066,0.9426565242832066,0.8822562979189486,0.8748301960023287,0.7498259849982979,69,"all","RF"
3106,4595,532,2073,0.8962356153696118,0.8537658053875756,0.8962356153696118,0.8962356153696118,0.7791437049597286,0.7472346206093538,0.4952180475624246,69,"all","NB"
4066,4804,323,1113,0.9370001950458358,0.9264069264069265,0.9370001950458358,0.9370001950458358,0.8699746468670772,0.8606636910537551,0.721535694906683,69,"all","MLP"
4149,4023,1104,1030,0.8011199073180151,0.7961606966158717,0.8011199073180151,0.8011199073180151,0.7954371165644172,0.7929361536968756,0.5858317537518349,70,"all","DT"
4135,4819,308,1044,0.9399258825824068,0.9306774701778078,0.9399258825824068,0.9399258825824068,0.8769790718835305,0.8688142829419756,0.7378108404794561,70,"all","RF"
3053,4633,494,2126,0.9036473571289253,0.8607273752466873,0.9036473571289253,0.9036473571289253,0.77957260642773,0.7457791577721715,0.49235659940444054,70,"all","NB"
4018,4801,326,1161,0.9364150575385215,0.9249539594843462,0.9364150575385215,0.9364150575385215,0.8659031472630534,0.8557151174073355,0.7116586413495101,70,"all","MLP"
4179,3998,1129,1000,0.8069125313767137,0.7999199679871949,0.8069125313767137,0.8069125313767137,0.7969867454944217,0.7934213079759364,0.5867799017069287,71,"all","DT"
4183,4818,309,996,0.9397308367466355,0.9312110418521816,0.9397308367466355,0.9397308367466355,0.8807238826432684,0.8733747331651465,0.7469132701017798,71,"all","RF"
3087,4629,498,2092,0.9028671737858397,0.8610878661087866,0.9028671737858397,0.9028671737858397,0.7813977042538823,0.748690083446536,0.49815066659141205,71,"all","NB"
4054,4802,325,1125,0.936610103374293,0.925782142041562,0.936610103374293,0.936610103374293,0.8688257644291658,0.859305259072385,0.7188236129535354,71,"all","MLP"
4162,4011,1116,1017,0.8036300444101178,0.7977326968973747,0.8036300444101178,0.8036300444101178,0.7960218035765516,0.7930331845526878,0.586015699566997,72,"all","DT"
4181,4845,282,998,0.9449970743124634,0.936813802375084,0.9449970743124634,0.9449970743124634,0.8833181403828623,0.8758005045604502,0.7517687190063251,72,"all","RF"
3097,4608,519,2082,0.8987712112346401,0.8564712389380531,0.8987712112346401,0.8987712112346401,0.77989337395278,0.7476227440326023,0.4960039853540943,72,"all","NB"
4080,4812,315,1099,0.938560561732007,0.9283276450511946,0.938560561732007,0.938560561732007,0.8718970828048559,0.8627983698816224,0.7258002514345608,72,"all","MLP"
4181,4013,1114,998,0.8072987063139603,0.8008381560566753,0.8072987063139603,0.8072987063139603,0.7983578384571319,0.7950708325247429,0.5900846702057125,73,"all","DT"
4169,4813,314,1010,0.9387556075677784,0.929957617666741,0.9387556075677784,0.9387556075677784,0.8790867579908678,0.8715311469047157,0.7432307437603848,73,"all","RF"
3115,4617,510,2064,0.9005266237565828,0.8593103448275862,0.9005266237565828,0.9005266237565828,0.7820121951219512,0.7502425771395304,0.5012313891362271,73,"all","NB"
4086,4785,342,1093,0.9332943241661791,0.9227642276422764,0.9332943241661791,0.9332943241661791,0.8696047251249432,0.8607607219095672,0.7217189927284691,73,"all","MLP"
4180,4007,1120,999,0.8071056188453369,0.8004394726328405,0.8071056188453369,0.8071056188453369,0.7977860482870502,0.7943916165340579,0.5887240355188954,74,"all","DT"
4170,4831,296,1009,0.9422664326116638,0.9337214509628303,0.9422664326116638,0.9422664326116638,0.8810066563326343,0.8733747331651465,0.74691970888408,74,"all","RF"
3061,4623,504,2118,0.9016968987712113,0.858625525946704,0.9016968987712113,0.9016968987712113,0.7790697674418605,0.7455850960605472,0.4919601452876113,74,"all","NB"
4046,4810,317,1133,0.9381704700604642,0.9273435709374284,0.9381704700604642,0.9381704700604642,0.8690153568202348,0.859305259072385,0.7188280146093453,74,"all","MLP"
4168,4047,1080,1011,0.8047885692218575,0.8001186239620404,0.8047885692218575,0.8047885692218575,0.7994629327706915,0.7971084804967979,0.5941792115148922,75,"all","DT"
4167,4845,282,1012,0.9449970743124634,0.9366149696561025,0.9449970743124634,0.9449970743124634,0.8821922796795338,0.8744420725790801,0.74905712702828,75,"all","RF"
3086,4609,518,2093,0.8989662570704116,0.8562708102108768,0.8989662570704116,0.8989662570704116,0.7792712824414574,0.7466524354744809,0.4940722200832431,75,"all","NB"
4064,4793,334,1115,0.9348546908523503,0.924056389267849,0.9348546908523503,0.9348546908523503,0.8686905301314,0.8594022899281971,0.7190123041628772,75,"all","MLP"
4167,3998,1129,1012,0.8045954817532343,0.7980039920159681,0.8045954817532343,0.8045954817532343,0.7956085918854415,0.7922569377061905,0.5844556910285698,76,"all","DT"
4158,4832,295,1021,0.9424614784474351,0.9337525263867056,0.9424614784474351,0.9424614784474351,0.8801457194899818,0.8723073937512129,0.7447897114548089,76,"all","RF"
3082,4620,507,2097,0.901111761263897,0.8587350236834773,0.901111761263897,0.901111761263897,0.7801418439716312,0.7473316514651659,0.4954359943285106,76,"all","NB"
4060,4810,317,1119,0.9381704700604642,0.927575965273018,0.9381704700604642,0.9381704700604642,0.8701157742402315,0.8606636910537551,0.7215389643512532,76,"all","MLP"
4175,3997,1130,1004,0.8061401815022206,0.7992401519696061,0.8061401815022206,0.8061401815022206,0.7964517359786341,0.7929361536968756,0.5858106627190154,77,"all","DT"
4189,4825,302,990,0.9410961575970354,0.9327543976842574,0.9410961575970354,0.9410961575970354,0.8819228660208372,0.8746361342907044,0.7494346857756918,77,"all","RF"
3102,4616,511,2077,0.9003315779208114,0.8585662884029892,0.9003315779208114,0.9003315779208114,0.7810490693739424,0.7488841451581603,0.4985244674355703,77,"all","NB"
4096,4798,329,1083,0.9358299200312074,0.9256497175141243,0.9358299200312074,0.9358299200312074,0.8717296511627907,0.8629924315932467,0.726180049575617,77,"all","MLP"
4131,3992,1135,1048,0.7976443328827959,0.792063492063492,0.7976443328827959,0.7976443328827959,0.7910004786979417,0.7881816417620804,0.5763164050837367,78,"all","DT"
4135,4829,298,1044,0.941876340940121,0.932776900518836,0.941876340940121,0.941876340940121,0.878,0.869784591500097,0.739752655874883,78,"all","RF"
3056,4598,529,2123,0.8968207528769261,0.8524407252440726,0.8968207528769261,0.8968207528769261,0.7761647535449021,0.7426741703861828,0.48613728486502883,78,"all","NB"
4029,4801,326,1150,0.9364150575385215,0.9251435132032148,0.9364150575385215,0.9364150575385215,0.8667629536017333,0.8567824568212692,0.7137885502821407,78,"all","MLP"
4171,4050,1077,1008,0.8053678316277274,0.800711743772242,0.8053678316277274,0.8053678316277274,0.8000383619449506,0.7976906656316709,0.5953436901045196,79,"all","DT"
4172,4821,306,1007,0.9403159742539496,0.9316659222867352,0.9403159742539496,0.9403159742539496,0.8801460520310361,0.8725984863186493,0.7453652689012844,79,"all","RF"
3101,4607,520,2078,0.8985761653988688,0.8563932615299641,0.8985761653988688,0.8985761653988688,0.7800541821876059,0.7479138366000389,0.4965828347135275,79,"all","NB"
4077,4805,322,1102,0.9371952408816072,0.9268015458058649,0.9371952408816072,0.9371952408816072,0.8709443538154794,0.8618280613235009,0.7238599928431149,79,"all","MLP"
4151,4029,1098,1028,0.8015060822552617,0.7967174213960846,0.8015060822552617,0.8015060822552617,0.7961258151131569,0.7937124005433728,0.5873860156899312,80,"all","DT"
4143,4825,302,1036,0.9410961575970354,0.9320584926884139,0.9410961575970354,0.9410961575970354,0.8782307972333455,0.8701727149233456,0.7405253092026036,80,"all","RF"
3077,4623,504,2102,0.9016968987712113,0.8592571907288467,0.9016968987712113,0.9016968987712113,0.7801214984812689,0.7471375897535416,0.49505241371255715,80,"all","NB"
4057,4788,339,1122,0.9338794616734932,0.922884440400364,0.9338794616734932,0.9338794616734932,0.867627072574069,0.8582379196584514,0.7166858383166641,80,"all","MLP"
4181,4018,1109,998,0.8072987063139603,0.80103668261563,0.8072987063139603,0.8072987063139603,0.7987391345878306,0.7955559868038036,0.5910571160730228,81,"all","DT"
4167,4841,286,1012,0.9442168909693778,0.935773635751179,0.9442168909693778,0.9442168909693778,0.8817850637522768,0.8740539491558316,0.7482804296871899,81,"all","RF"
3089,4618,509,2090,0.9007216695923542,0.8585325180655919,0.9007216695923542,0.9007216695923542,0.780397127165188,0.7478168057442267,0.4964003880748471,81,"all","NB"
4082,4795,332,1097,0.9352447825238931,0.9247847757136384,0.9352447825238931,0.9352447825238931,0.8703149106089482,0.8613429070444402,0.722886333050373,81,"all","MLP"
4158,4016,1111,1021,0.8028576945356246,0.7972999801469128,0.8028576945356246,0.8028576945356246,0.7959418070444104,0.7931302154084999,0.5862134319443031,82,"all","DT"
4141,4824,303,1038,0.9409011117612639,0.9318181818181818,0.9409011117612639,0.9409011117612639,0.877968877968878,0.8698816223559092,0.7399437818445638,82,"all","RF"
3094,4600,527,2085,0.8972108445484689,0.8544600938967136,0.8972108445484689,0.8972108445484689,0.7788689468337284,0.7465554046186688,0.4938700401353863,82,"all","NB"
4043,4809,318,1136,0.9379754242246928,0.9270809447374455,0.9379754242246928,0.9379754242246928,0.8686777456647399,0.8589171356491364,0.7180529194681674,82,"all","MLP"
4163,4018,1109,1016,0.8038231318787411,0.7981724274930473,0.8038231318787411,0.8038231318787411,0.796670175102861,0.7938094313991849,0.5875708065987164,83,"all","DT"
4162,4836,291,1017,0.9432416617905208,0.9346507972153605,0.9432416617905208,0.9432416617905208,0.8808743169398907,0.87308364059771,0.7463411417803114,83,"all","RF"
3048,4613,514,2131,0.8997464404134972,0.8556990454800674,0.8997464404134972,0.8997464404134972,0.7771881054671047,0.7433533863768679,0.4875051584380767,83,"all","NB"
4057,4815,312,1122,0.9391456992393212,0.9285877775234608,0.9391456992393212,0.9391456992393212,0.8703904555314533,0.8608577527653793,0.7219289696431366,83,"all","MLP"
4149,3998,1129,1030,0.8011199073180151,0.7951471758154336,0.8011199073180151,0.8011199073180151,0.7935354308118964,0.7905103823015719,0.5809694774332612,84,"all","DT"
4175,4812,315,1004,0.938560561732007,0.9298440979955457,0.938560561732007,0.938560561732007,0.8794663255048889,0.8720163011837765,0.7441986640370482,84,"all","RF"
3102,4619,508,2077,0.9009167154281256,0.8592797783933518,0.9009167154281256,0.9009167154281256,0.7813583692802164,0.7491752377255967,0.49910724515781596,84,"all","NB"
4029,4785,342,1150,0.9332943241661791,0.9217570350034318,0.9332943241661791,0.9332943241661791,0.8651238474055325,0.8552299631282748,0.7106814580604215,84,"all","MLP"
4179,3993,1134,1000,0.8069125313767137,0.7997196074504306,0.8069125313767137,0.8069125313767137,0.796606938619901,0.7929361536968756,0.5858074177540766,85,"all","DT"
4168,4828,299,1011,0.9416812951043495,0.933064696664428,0.9416812951043495,0.9416812951043495,0.8805398504468357,0.8728895788860858,0.7459498040080547,85,"all","RF"
3096,4609,518,2083,0.8989662570704116,0.8566685113447703,0.8989662570704116,0.8989662570704116,0.7799306201878332,0.7476227440326023,0.4960049708531315,85,"all","NB"
4062,4797,330,1117,0.9356348741954359,0.924863387978142,0.9356348741954359,0.9356348741954359,0.8689430305225975,0.8595963516398215,0.7194017881553197,85,"all","MLP"
4179,4018,1109,1000,0.8069125313767137,0.8007174172977282,0.8069125313767137,0.8069125313767137,0.7985096016050445,0.7953619250921793,0.5906697422841419,86,"all","DT"
4159,4829,298,1020,0.941876340940121,0.9331388826564954,0.941876340940121,0.941876340940121,0.8799198250728862,0.8721133320395886,0.7444008534706634,86,"all","RF"
3098,4626,501,2081,0.9022820362785254,0.8607946651847735,0.9022820362785254,0.9022820362785254,0.7818151090079432,0.7494663302930332,0.49969393256995537,86,"all","NB"
4053,4780,347,1126,0.932319094987322,0.9211363636363636,0.932319094987322,0.932319094987322,0.8664914347865496,0.8570735493887056,0.7143577046870944,86,"all","MLP"
4153,3990,1137,1026,0.8018922571925082,0.7954545454545454,0.8018922571925082,0.8018922571925082,0.7933900085968096,0.7901222588783233,0.5801882022144986,87,"all","DT"
4135,4815,312,1044,0.9391456992393212,0.929840341803463,0.9391456992393212,0.9391456992393212,0.8765701802293828,0.8684261595187269,0.7370341036811066,87,"all","RF"
3059,4619,508,2120,0.9009167154281256,0.8575834034202411,0.9009167154281256,0.9009167154281256,0.7785268835327827,0.7450029109256744,0.49079658705728163,87,"all","NB"
4045,4791,336,1134,0.9344645991808075,0.9233051814654188,0.9344645991808075,0.9344645991808075,0.8669923995656894,0.857364641956142,0.7149447601539293,87,"all","MLP"
4165,4020,1107,1014,0.8042093068159877,0.798569725864124,0.8042093068159877,0.8042093068159877,0.797052913596785,0.7941975548224335,0.5883471439039423,88,"all","DT"
4170,4817,310,1009,0.939535790910864,0.9308035714285714,0.939535790910864,0.939535790910864,0.8795763717702911,0.8720163011837765,0.7442011670885004,88,"all","RF"
3064,4623,504,2115,0.9016968987712113,0.8587443946188341,0.9016968987712113,0.9016968987712113,0.7792667509481668,0.7458761886279837,0.4925399382484103,88,"all","NB"
4067,4785,342,1112,0.9332943241661791,0.9224313903379451,0.9332943241661791,0.9332943241661791,0.8681059506531205,0.8589171356491364,0.7180396777104728,88,"all","MLP"
4179,4017,1110,1000,0.8069125313767137,0.8006776958341638,0.8069125313767137,0.8069125313767137,0.7984333205961024,0.7952648942363671,0.5904752538740957,89,"all","DT"
4187,4823,304,992,0.9407060659254924,0.9323090625695836,0.9407060659254924,0.9407060659254924,0.8815573021385487,0.8742480108674558,0.7486589417688055,89,"all","RF"
3105,4625,502,2074,0.9020869904427541,0.8608261713335181,0.9020869904427541,0.9020869904427541,0.7821748689328599,0.7500485154279061,0.5008526297957723,89,"all","NB"
4075,4790,337,1104,0.934269553345036,0.9236174070716229,0.934269553345036,0.934269553345036,0.8692496143725614,0.8601785367746944,0.7205598232018418,89,"all","MLP"
4151,4006,1121,1028,0.8015060822552617,0.7957886372665872,0.8015060822552617,0.8015060822552617,0.7943737441393168,0.7914806908596934,0.5829127827673608,90,"all","DT"
4186,4814,313,993,0.9389506534035499,0.9304289842187152,0.9389506534035499,0.9389506534035499,0.8805560636546552,0.8732777023093343,0.7467175990075878,90,"all","RF"
3094,4589,538,2085,0.8950653403549834,0.8518722466960352,0.8950653403549834,0.8950653403549834,0.7777307007880687,0.7454880652047351,0.4917330924675351,90,"all","NB"
4068,4803,324,1111,0.9368051492100644,0.9262295081967213,0.9368051492100644,0.9368051492100644,0.8700298885970474,0.8607607219095672,0.7217287947497468,90,"all","MLP"
4171,4026,1101,1008,0.8053678316277274,0.799761620977354,0.8053678316277274,0.8053678316277274,0.7982011290785571,0.7953619250921793,0.5906761558196202,91,"all","DT"
4164,4830,297,1015,0.9420713867758923,0.933422999327505,0.9420713867758923,0.9420713867758923,0.8804228946409041,0.8726955171744615,0.7455634349125965,91,"all","RF"
3099,4609,518,2080,0.8989662570704116,0.8567873928670169,0.8989662570704116,0.8989662570704116,0.7801286391333785,0.7479138366000389,0.4965848034536461,91,"all","NB"
4022,4787,340,1157,0.9336844158377219,0.9220541036221916,0.9336844158377219,0.9336844158377219,0.8647818625237106,0.854744808849214,0.7097144480643184,91,"all","MLP"
4167,3994,1133,1012,0.8045954817532343,0.797842588893328,0.8045954817532343,0.8045954817532343,0.7953048955052964,0.791868814282942,0.5836777046663665,92,"all","DT"
4186,4835,292,993,0.9430466159547494,0.9347923179991068,0.9430466159547494,0.9430466159547494,0.8827019625741671,0.8753153502813895,0.7507954078736866,92,"all","RF"
3130,4624,503,2049,0.9018919446069826,0.8615469309110928,0.9018919446069826,0.9018919446069826,0.7837288135593219,0.7523772559673977,0.5054905008771318,92,"all","NB"
4079,4794,333,1100,0.9350497366881217,0.9245240253853128,0.9350497366881217,0.9350497366881217,0.8699755013156701,0.8609547836211915,0.7221111912895483,92,"all","MLP"
4167,4013,1114,1012,0.8045954817532343,0.7986069651741293,0.8045954817532343,0.8045954817532343,0.7967495219885278,0.7937124005433728,0.5873730856037689,93,"all","DT"
4157,4836,291,1022,0.9432416617905208,0.9345773381294964,0.9432416617905208,0.9432416617905208,0.8804733727810651,0.8725984863186493,0.7453727435754206,93,"all","RF"
3087,4627,500,2092,0.9024770821142969,0.8606077502090884,0.9024770821142969,0.9024770821142969,0.7811919635319939,0.7484960217349117,0.49776215611530744,93,"all","NB"
4070,4800,327,1109,0.9362200117027502,0.9256311121219013,0.9362200117027502,0.9362200117027502,0.869880391446176,0.8606636910537551,0.721533515234317,93,"all","MLP"
4174,3996,1131,1005,0.8059470940335972,0.7990401919616077,0.8059470940335972,0.8059470940335972,0.7962609690957649,0.7927420919852514,0.5854224815219387,94,"all","DT"
4174,4814,313,1005,0.9389506534035499,0.9302429240026744,0.9389506534035499,0.9389506534035499,0.8795907180705281,0.8721133320395886,0.7443933502002675,94,"all","RF"
3091,4624,503,2088,0.9018919446069826,0.8600445186421815,0.9018919446069826,0.9018919446069826,0.7811470563392179,0.7485930525907238,0.4979524848947747,94,"all","NB"
4076,4796,331,1103,0.9354398283596645,0.9248922169276151,0.9354398283596645,0.9354398283596645,0.8699437692726283,0.8608577527653793,0.7219186307203925,94,"all","MLP"
4162,4015,1112,1017,0.8036300444101178,0.7978934817170111,0.8036300444101178,0.8036300444101178,0.7963264134698174,0.7934213079759364,0.5867936600100722,95,"all","DT"
4167,4833,294,1012,0.9426565242832066,0.9340954942837929,0.9426565242832066,0.9426565242832066,0.8809697411593146,0.8732777023093343,0.7467270167651302,95,"all","RF"
3069,4620,507,2110,0.901111761263897,0.8582214765100671,0.901111761263897,0.901111761263897,0.7792864974276799,0.7460702503396079,0.4929234943387164,95,"all","NB"
4050,4797,330,1129,0.9356348741954359,0.9246575342465754,0.9356348741954359,0.9356348741954359,0.8679996381073011,0.8584319813700757,0.7170781033907192,95,"all","MLP"
4144,4006,1121,1035,0.8001544699748986,0.7946835945248959,0.8001544699748986,0.8001544699748986,0.7935656836461125,0.7908014748690083,0.5815570608715912,96,"all","DT"
4159,4835,292,1020,0.9430466159547494,0.9343967647719613,0.9430466159547494,0.9430466159547494,0.8805317792751776,0.8726955171744615,0.7455659245389289,96,"all","RF"
3056,4611,516,2123,0.8993563487419544,0.8555431131019037,0.8993563487419544,0.8993563487419544,0.7775061124694376,0.7439355715117407,0.48866271860945754,96,"all","NB"
4027,4818,309,1152,0.9397308367466355,0.9287361623616236,0.9397308367466355,0.9397308367466355,0.8683427953500946,0.8582379196584514,0.7167024695827614,96,"all","MLP"
4185,4052,1075,994,0.8080710561884533,0.8030122869599683,0.8080710561884533,0.8080710561884533,0.80180093878724,0.7992431593246653,0.5984442476631532,97,"all","DT"
4206,4826,301,973,0.9412912034328067,0.9332149988906145,0.9412912034328067,0.9412912034328067,0.8833974006955885,0.8763826896953231,0.7529216654519602,97,"all","RF"
3128,4629,498,2051,0.9028671737858397,0.8626585769442913,0.9028671737858397,0.9028671737858397,0.7841111205217244,0.7526683485348341,0.5060752012053048,97,"all","NB"
4082,4806,321,1097,0.9373902867173786,0.92709516238928,0.9373902867173786,0.9373902867173786,0.871441523118767,0.8624102464583737,0.7250224279170939,97,"all","MLP"
4152,4014,1113,1027,0.8016991697238849,0.7962705812338822,0.8016991697238849,0.8016991697238849,0.7950976637303715,0.7923539685620027,0.5846623888057537,98,"all","DT"
4159,4825,302,1020,0.9410961575970354,0.9323021744003587,0.9410961575970354,0.9410961575970354,0.8795114837768866,0.87172520861634,0.74362413182504,98,"all","RF"
3070,4625,502,2109,0.9020869904427541,0.8594624860022396,0.9020869904427541,0.9020869904427541,0.779866790321221,0.7466524354744809,0.49408804785498056,98,"all","NB"
4051,4786,341,1128,0.9334893700019504,0.9223588342440802,0.9334893700019504,0.9334893700019504,0.8669504573861063,0.8574616728119542,0.7151356093988698,98,"all","MLP"
4203,4032,1095,976,0.8115466306236725,0.805111821086262,0.8115466306236725,0.8115466306236725,0.8023289109477905,0.799049097613041,0.5980411259075877,99,"all","DT"
4169,4838,289,1010,0.9436317534620636,0.9351727231942575,0.9436317534620636,0.9436317534620636,0.8816400911161733,0.8739569183000194,0.7480852684188186,99,"all","RF"
3085,4614,513,2094,0.8999414862492686,0.8574207893274041,0.8999414862492686,0.8999414862492686,0.7797211660329532,0.7470405588977295,0.49485025460220317,99,"all","NB"
4072,4801,326,1107,0.9364150575385215,0.9258753979081401,0.9364150575385215,0.9364150575385215,0.870140462165836,0.8609547836211915,0.7221149978367171,99,"all","MLP"
