"TruePositives","TrueNegatives","FalsePositives","FalseNegatives","Recall","Precision","Sensitivity","Specificity","F-measure","Accuracy","Cohen's kappa","Iteration","Species","learner","learner_Arr[0]","learner_Arr[1]"
289,277,42,30,0.9059561128526645,0.9022801302931596,0.9059561128526645,0.9059561128526645,0.8892307692307692,0.8871473354231975,0.7742946708463949,0,"all","DT#0","DT",0
298,298,21,21,0.9341692789968652,0.9341692789968652,0.9341692789968652,0.9341692789968652,0.9341692789968652,0.9341692789968652,0.8683385579937304,0,"all","RF#0","RF",0
284,250,69,35,0.890282131661442,0.8771929824561403,0.890282131661442,0.890282131661442,0.8452380952380951,0.8369905956112853,0.6739811912225706,0,"all","NB#0","NB",0
303,293,26,16,0.9498432601880877,0.948220064724919,0.9498432601880877,0.9498432601880877,0.9351851851851852,0.9341692789968652,0.8683385579937304,0,"all","MLP#0","MLP",0
276,278,41,43,0.8714733542319749,0.8706624605678234,0.8714733542319749,0.8714733542319749,0.86875,0.8683385579937304,0.7366771159874608,1,"all","DT#1","DT",1
285,300,19,34,0.9404388714733543,0.9375,0.9404388714733543,0.9404388714733543,0.9188361408882082,0.9169278996865203,0.8338557993730407,1,"all","RF#1","RF",1
277,243,76,42,0.8683385579937304,0.8526315789473684,0.8683385579937304,0.8683385579937304,0.8244047619047619,0.8150470219435737,0.6300940438871474,1,"all","NB#1","NB",1
296,283,36,23,0.9278996865203761,0.9248366013071896,0.9278996865203761,0.9278996865203761,0.9093701996927803,0.9075235109717869,0.8150470219435737,1,"all","MLP#1","MLP",1
292,280,39,27,0.9153605015673981,0.9120521172638436,0.9153605015673981,0.9153605015673981,0.8984615384615384,0.896551724137931,0.7931034482758621,2,"all","DT#2","DT",2
299,301,18,20,0.9435736677115988,0.943217665615142,0.9435736677115988,0.9435736677115988,0.940625,0.9404388714733543,0.8808777429467085,2,"all","RF#2","RF",2
284,254,65,35,0.890282131661442,0.8788927335640139,0.890282131661442,0.890282131661442,0.8502994011976048,0.8432601880877743,0.6865203761755485,2,"all","NB#2","NB",2
300,294,25,19,0.9404388714733543,0.939297124600639,0.9404388714733543,0.9404388714733543,0.9316770186335405,0.9310344827586207,0.8620689655172413,2,"all","MLP#2","MLP",2
285,259,60,34,0.8934169278996865,0.8839590443686007,0.8934169278996865,0.8934169278996865,0.858433734939759,0.8526645768025078,0.7053291536050157,3,"all","DT#3","DT",3
297,302,17,22,0.9467084639498433,0.945859872611465,0.9467084639498433,0.9467084639498433,0.9393468118195958,0.9388714733542319,0.8777429467084639,3,"all","RF#3","RF",3
284,247,72,35,0.890282131661442,0.875886524822695,0.890282131661442,0.890282131661442,0.8414814814814815,0.8322884012539185,0.6645768025078369,3,"all","NB#3","NB",3
297,287,32,22,0.9310344827586207,0.9288025889967637,0.9310344827586207,0.9310344827586207,0.9166666666666667,0.9153605015673981,0.8307210031347962,3,"all","MLP#3","MLP",3
283,287,32,36,0.8996865203761756,0.8984126984126984,0.8996865203761756,0.8996865203761756,0.8940809968847353,0.8934169278996865,0.786833855799373,4,"all","DT#4","DT",4
299,302,17,20,0.9467084639498433,0.9462025316455697,0.9467084639498433,0.9467084639498433,0.9422776911076444,0.9420062695924765,0.8840125391849529,4,"all","RF#4","RF",4
282,243,76,37,0.8840125391849529,0.8678571428571429,0.8840125391849529,0.8840125391849529,0.8330871491875924,0.822884012539185,0.64576802507837,4,"all","NB#4","NB",4
298,285,34,21,0.9341692789968652,0.9313725490196079,0.9341692789968652,0.9341692789968652,0.9155145929339478,0.9137931034482759,0.8275862068965518,4,"all","MLP#4","MLP",4
286,271,48,33,0.896551724137931,0.8914473684210527,0.896551724137931,0.896551724137931,0.8759571209800918,0.8730407523510971,0.7460815047021943,5,"all","DT#5","DT",5
292,299,20,27,0.9373040752351097,0.9358974358974359,0.9373040752351097,0.9373040752351097,0.9271317829457365,0.9263322884012539,0.8526645768025078,5,"all","RF#5","RF",5
278,238,81,41,0.8714733542319749,0.8530465949820788,0.8714733542319749,0.8714733542319749,0.8200589970501475,0.8087774294670846,0.6175548589341693,5,"all","NB#5","NB",5
298,277,42,21,0.9341692789968652,0.9295302013422819,0.9341692789968652,0.9341692789968652,0.9044006069802731,0.9012539184952978,0.8025078369905956,5,"all","MLP#5","MLP",5
286,277,42,33,0.896551724137931,0.8935483870967742,0.896551724137931,0.896551724137931,0.8840803709428129,0.8824451410658307,0.7648902821316614,6,"all","DT#6","DT",6
288,310,9,31,0.9717868338557993,0.9696969696969697,0.9717868338557993,0.9717868338557993,0.9393939393939393,0.9373040752351097,0.8746081504702194,6,"all","RF#6","RF",6
281,252,67,38,0.8808777429467085,0.8689655172413793,0.8808777429467085,0.8808777429467085,0.8425787106446777,0.835423197492163,0.670846394984326,6,"all","NB#6","NB",6
295,302,17,24,0.9467084639498433,0.9455128205128205,0.9467084639498433,0.9467084639498433,0.9364341085271318,0.9357366771159875,0.871473354231975,6,"all","MLP#6","MLP",6
285,277,42,34,0.8934169278996865,0.8906752411575563,0.8934169278996865,0.8934169278996865,0.8823529411764707,0.8808777429467085,0.761755485893417,7,"all","DT#7","DT",7
297,300,19,22,0.9404388714733543,0.939873417721519,0.9404388714733543,0.9404388714733543,0.9360374414976599,0.9357366771159875,0.871473354231975,7,"all","RF#7","RF",7
282,253,66,37,0.8840125391849529,0.8724137931034482,0.8840125391849529,0.8840125391849529,0.8455772113943028,0.8385579937304075,0.677115987460815,7,"all","NB#7","NB",7
295,289,30,24,0.9247648902821317,0.9233226837060703,0.9247648902821317,0.9247648902821317,0.9161490683229814,0.9153605015673981,0.8307210031347962,7,"all","MLP#7","MLP",7
286,272,47,33,0.896551724137931,0.8918032786885246,0.896551724137931,0.896551724137931,0.8773006134969324,0.8746081504702194,0.7492163009404389,8,"all","DT#8","DT",8
296,298,21,23,0.9341692789968652,0.9337539432176656,0.9341692789968652,0.9341692789968652,0.9312499999999999,0.9310344827586207,0.8620689655172413,8,"all","RF#8","RF",8
283,246,73,36,0.8871473354231975,0.8723404255319149,0.8871473354231975,0.8871473354231975,0.8385185185185186,0.829153605015674,0.6583072100313481,8,"all","NB#8","NB",8
295,297,22,24,0.9310344827586207,0.9305993690851735,0.9310344827586207,0.9310344827586207,0.9281250000000001,0.9278996865203761,0.8557993730407523,8,"all","MLP#8","MLP",8
292,278,41,27,0.9153605015673981,0.9114754098360656,0.9153605015673981,0.9153605015673981,0.8957055214723926,0.8934169278996865,0.786833855799373,9,"all","DT#9","DT",9
292,300,19,27,0.9404388714733543,0.9389067524115756,0.9404388714733543,0.9404388714733543,0.9287925696594427,0.9278996865203761,0.8557993730407523,9,"all","RF#9","RF",9
283,236,83,36,0.8871473354231975,0.8676470588235294,0.8871473354231975,0.8871473354231975,0.8262773722627736,0.8134796238244514,0.6269592476489028,9,"all","NB#9","NB",9
290,299,20,29,0.9373040752351097,0.9354838709677419,0.9373040752351097,0.9373040752351097,0.9242658423493044,0.9231974921630094,0.8463949843260188,9,"all","MLP#9","MLP",9
295,274,45,24,0.9247648902821317,0.9194630872483222,0.9247648902821317,0.9247648902821317,0.8952959028831563,0.8918495297805643,0.7836990595611286,10,"all","DT#10","DT",10
293,301,18,26,0.9435736677115988,0.9421221864951769,0.9435736677115988,0.9435736677115988,0.9318885448916407,0.9310344827586207,0.8620689655172413,10,"all","RF#10","RF",10
280,243,76,39,0.877742946708464,0.8617021276595744,0.877742946708464,0.877742946708464,0.8296296296296296,0.8197492163009404,0.6394984326018809,10,"all","NB#10","NB",10
295,298,21,24,0.9341692789968652,0.9335443037974683,0.9341692789968652,0.9341692789968652,0.9297971918876754,0.9294670846394985,0.8589341692789969,10,"all","MLP#10","MLP",10
268,288,31,51,0.9028213166144201,0.8963210702341137,0.9028213166144201,0.9028213166144201,0.8753799392097265,0.8714733542319749,0.7429467084639498,11,"all","DT#11","DT",11
281,306,13,38,0.9592476489028213,0.95578231292517,0.9592476489028213,0.9592476489028213,0.923076923076923,0.9200626959247649,0.8401253918495297,11,"all","RF#11","RF",11
276,247,72,43,0.8652037617554859,0.8517241379310345,0.8652037617554859,0.8652037617554859,0.8275862068965516,0.8197492163009404,0.6394984326018809,11,"all","NB#11","NB",11
292,295,24,27,0.9247648902821317,0.9240506329113924,0.9247648902821317,0.9247648902821317,0.920436817472699,0.9200626959247649,0.8401253918495297,11,"all","MLP#11","MLP",11
284,276,43,35,0.890282131661442,0.887459807073955,0.890282131661442,0.890282131661442,0.8792569659442724,0.877742946708464,0.755485893416928,12,"all","DT#12","DT",12
287,310,9,32,0.9717868338557993,0.9695945945945946,0.9717868338557993,0.9717868338557993,0.9379727685325264,0.9357366771159875,0.871473354231975,12,"all","RF#12","RF",12
275,259,60,44,0.8620689655172413,0.8547854785478548,0.8620689655172413,0.8620689655172413,0.8409785932721713,0.8369905956112853,0.6739811912225706,12,"all","NB#12","NB",12
291,304,15,28,0.9529780564263323,0.9509803921568627,0.9529780564263323,0.9529780564263323,0.93394777265745,0.932601880877743,0.865203761755486,12,"all","MLP#12","MLP",12
273,278,41,46,0.8714733542319749,0.8694267515923567,0.8714733542319749,0.8714733542319749,0.864696734059098,0.8636363636363636,0.7272727272727273,13,"all","DT#13","DT",13
289,306,13,30,0.9592476489028213,0.956953642384106,0.9592476489028213,0.9592476489028213,0.934351145038168,0.932601880877743,0.865203761755486,13,"all","RF#13","RF",13
278,250,69,41,0.8714733542319749,0.8591065292096219,0.8714733542319749,0.8714733542319749,0.8348348348348348,0.8275862068965517,0.6551724137931034,13,"all","NB#13","NB",13
288,287,32,31,0.9028213166144201,0.9025157232704403,0.9028213166144201,0.9028213166144201,0.9014084507042254,0.9012539184952978,0.8025078369905956,13,"all","MLP#13","MLP",13
294,262,57,25,0.9216300940438872,0.9128919860627178,0.9216300940438872,0.9216300940438872,0.8776119402985074,0.8714733542319749,0.7429467084639498,14,"all","DT#14","DT",14
295,299,20,24,0.9373040752351097,0.9365079365079365,0.9373040752351097,0.9373040752351097,0.9314641744548287,0.9310344827586207,0.8620689655172413,14,"all","RF#14","RF",14
287,229,90,32,0.8996865203761756,0.8773946360153256,0.8996865203761756,0.8996865203761756,0.8247126436781609,0.8087774294670846,0.6175548589341693,14,"all","NB#14","NB",14
300,284,35,19,0.9404388714733543,0.9372937293729373,0.9404388714733543,0.9404388714733543,0.9174311926605505,0.9153605015673981,0.8307210031347962,14,"all","MLP#14","MLP",14
283,274,45,36,0.8871473354231975,0.8838709677419355,0.8871473354231975,0.8871473354231975,0.874806800618238,0.8730407523510971,0.7460815047021943,15,"all","DT#15","DT",15
293,299,20,26,0.9373040752351097,0.9361022364217252,0.9373040752351097,0.9373040752351097,0.9285714285714286,0.9278996865203761,0.8557993730407523,15,"all","RF#15","RF",15
279,244,75,40,0.8746081504702194,0.8591549295774648,0.8746081504702194,0.8746081504702194,0.8291233283803864,0.8197492163009404,0.6394984326018809,15,"all","NB#15","NB",15
294,284,35,25,0.9216300940438872,0.919093851132686,0.9216300940438872,0.9216300940438872,0.9074074074074076,0.9059561128526645,0.8119122257053291,15,"all","MLP#15","MLP",15
280,279,40,39,0.877742946708464,0.8773584905660378,0.877742946708464,0.877742946708464,0.8763693270735524,0.8761755485893417,0.7523510971786833,16,"all","DT#16","DT",16
282,300,19,37,0.9404388714733543,0.9368770764119602,0.9404388714733543,0.9404388714733543,0.9146341463414634,0.9122257053291536,0.8244514106583072,16,"all","RF#16","RF",16
280,245,74,39,0.877742946708464,0.8626760563380281,0.877742946708464,0.877742946708464,0.8320950965824666,0.822884012539185,0.64576802507837,16,"all","NB#16","NB",16
292,296,23,27,0.9278996865203761,0.926984126984127,0.9278996865203761,0.9278996865203761,0.9221183800623053,0.9216300940438872,0.8432601880877744,16,"all","MLP#16","MLP",16
279,276,43,40,0.8746081504702194,0.8734177215189873,0.8746081504702194,0.8746081504702194,0.8705148205928237,0.8699059561128527,0.7398119122257054,17,"all","DT#17","DT",17
286,301,18,33,0.9435736677115988,0.9407894736842105,0.9435736677115988,0.9435736677115988,0.9218989280245024,0.9200626959247649,0.8401253918495297,17,"all","RF#17","RF",17
275,248,71,44,0.8620689655172413,0.8493150684931506,0.8620689655172413,0.8620689655172413,0.8270676691729323,0.8197492163009404,0.6394984326018809,17,"all","NB#17","NB",17
295,286,33,24,0.9247648902821317,0.9225806451612903,0.9247648902821317,0.9247648902821317,0.9119010819165378,0.9106583072100314,0.8213166144200628,17,"all","MLP#17","MLP",17
287,273,46,32,0.8996865203761756,0.8950819672131147,0.8996865203761756,0.8996865203761756,0.8803680981595092,0.877742946708464,0.755485893416928,18,"all","DT#18","DT",18
299,300,19,20,0.9404388714733543,0.940251572327044,0.9404388714733543,0.9404388714733543,0.9389671361502347,0.9388714733542319,0.8777429467084639,18,"all","RF#18","RF",18
282,244,75,37,0.8840125391849529,0.8683274021352313,0.8840125391849529,0.8840125391849529,0.8343195266272189,0.8244514106583072,0.6489028213166144,18,"all","NB#18","NB",18
293,288,31,26,0.9184952978056427,0.9171974522292994,0.9184952978056427,0.9184952978056427,0.911353032659409,0.9106583072100314,0.8213166144200628,18,"all","MLP#18","MLP",18
291,278,41,28,0.9122257053291536,0.9084967320261438,0.9122257053291536,0.9122257053291536,0.8940092165898618,0.8918495297805643,0.7836990595611286,19,"all","DT#19","DT",19
290,298,21,29,0.9341692789968652,0.932475884244373,0.9341692789968652,0.9341692789968652,0.9226006191950465,0.9216300940438872,0.8432601880877744,19,"all","RF#19","RF",19
277,239,80,42,0.8683385579937304,0.8505338078291815,0.8683385579937304,0.8683385579937304,0.819526627218935,0.8087774294670846,0.6175548589341693,19,"all","NB#19","NB",19
294,303,16,25,0.9498432601880877,0.9483870967741935,0.9498432601880877,0.9498432601880877,0.9366306027820711,0.9357366771159875,0.871473354231975,19,"all","MLP#19","MLP",19
277,274,45,42,0.8683385579937304,0.8670886075949367,0.8683385579937304,0.8683385579937304,0.8642745709828392,0.8636363636363636,0.7272727272727273,20,"all","DT#20","DT",20
295,305,14,24,0.9561128526645768,0.9546925566343042,0.9561128526645768,0.9561128526645768,0.941358024691358,0.9404388714733543,0.8808777429467085,20,"all","RF#20","RF",20
279,241,78,40,0.8746081504702194,0.8576512455516014,0.8746081504702194,0.8746081504702194,0.8254437869822485,0.8150470219435737,0.6300940438871474,20,"all","NB#20","NB",20
293,298,21,26,0.9341692789968652,0.9331210191082803,0.9341692789968652,0.9341692789968652,0.9269051321928461,0.9263322884012539,0.8526645768025078,20,"all","MLP#20","MLP",20
280,285,34,39,0.8934169278996865,0.89171974522293,0.8934169278996865,0.8934169278996865,0.8864696734059098,0.8855799373040752,0.7711598746081505,21,"all","DT#21","DT",21
285,307,12,34,0.9623824451410659,0.9595959595959596,0.9623824451410659,0.9623824451410659,0.9303030303030304,0.9278996865203761,0.8557993730407523,21,"all","RF#21","RF",21
281,247,72,38,0.8808777429467085,0.8666666666666667,0.8808777429467085,0.8808777429467085,0.8363095238095238,0.8275862068965517,0.6551724137931034,21,"all","NB#21","NB",21
293,293,26,26,0.9184952978056427,0.9184952978056427,0.9184952978056427,0.9184952978056427,0.9184952978056428,0.9184952978056427,0.8369905956112853,21,"all","MLP#21","MLP",21
277,283,36,42,0.8871473354231975,0.8849840255591054,0.8871473354231975,0.8871473354231975,0.8788819875776397,0.877742946708464,0.755485893416928,22,"all","DT#22","DT",22
282,305,14,37,0.9561128526645768,0.9527027027027027,0.9561128526645768,0.9561128526645768,0.9228441754916793,0.9200626959247649,0.8401253918495297,22,"all","RF#22","RF",22
274,255,64,45,0.8589341692789969,0.85,0.8589341692789969,0.8589341692789969,0.8340943683409436,0.829153605015674,0.6583072100313481,22,"all","NB#22","NB",22
290,296,23,29,0.9278996865203761,0.9265175718849841,0.9278996865203761,0.9278996865203761,0.9192546583850931,0.9184952978056427,0.8369905956112853,22,"all","MLP#22","MLP",22
279,267,52,40,0.8746081504702194,0.8697068403908795,0.8746081504702194,0.8746081504702194,0.8584615384615385,0.8557993730407524,0.7115987460815048,23,"all","DT#23","DT",23
292,296,23,27,0.9278996865203761,0.926984126984127,0.9278996865203761,0.9278996865203761,0.9221183800623053,0.9216300940438872,0.8432601880877744,23,"all","RF#23","RF",23
280,244,75,39,0.877742946708464,0.8621908127208481,0.877742946708464,0.877742946708464,0.8308605341246291,0.8213166144200627,0.6426332288401253,23,"all","NB#23","NB",23
293,290,29,26,0.9184952978056427,0.9177215189873418,0.9184952978056427,0.9184952978056427,0.9141965678627145,0.9137931034482759,0.8275862068965518,23,"all","MLP#23","MLP",23
283,267,52,36,0.8871473354231975,0.8811881188118812,0.8871473354231975,0.8871473354231975,0.8654434250764524,0.8620689655172413,0.7241379310344827,24,"all","DT#24","DT",24
292,297,22,27,0.9310344827586207,0.9299363057324841,0.9310344827586207,0.9310344827586207,0.9237947122861586,0.9231974921630094,0.8463949843260188,24,"all","RF#24","RF",24
275,246,73,44,0.8620689655172413,0.8482758620689655,0.8620689655172413,0.8620689655172413,0.8245877061469267,0.8166144200626959,0.6332288401253918,24,"all","NB#24","NB",24
281,289,30,38,0.9059561128526645,0.9035369774919614,0.9059561128526645,0.9059561128526645,0.894736842105263,0.8934169278996865,0.786833855799373,24,"all","MLP#24","MLP",24
280,271,48,39,0.877742946708464,0.8741935483870967,0.877742946708464,0.877742946708464,0.865533230293663,0.8636363636363636,0.7272727272727273,25,"all","DT#25","DT",25
289,299,20,30,0.9373040752351097,0.9352750809061489,0.9373040752351097,0.9373040752351097,0.9228395061728395,0.9216300940438872,0.8432601880877744,25,"all","RF#25","RF",25
283,236,83,36,0.8871473354231975,0.8676470588235294,0.8871473354231975,0.8871473354231975,0.8262773722627736,0.8134796238244514,0.6269592476489028,25,"all","NB#25","NB",25
301,286,33,18,0.9435736677115988,0.9407894736842105,0.9435736677115988,0.9435736677115988,0.9218989280245024,0.9200626959247649,0.8401253918495297,25,"all","MLP#25","MLP",25
284,278,41,35,0.890282131661442,0.8881789137380192,0.890282131661442,0.890282131661442,0.8819875776397516,0.8808777429467085,0.761755485893417,26,"all","DT#26","DT",26
289,311,8,30,0.9749216300940439,0.9730639730639731,0.9749216300940439,0.9749216300940439,0.9424242424242424,0.9404388714733543,0.8808777429467085,26,"all","RF#26","RF",26
281,251,68,38,0.8808777429467085,0.8685121107266436,0.8808777429467085,0.8808777429467085,0.8413173652694611,0.8338557993730408,0.6677115987460815,26,"all","NB#26","NB",26
292,299,20,27,0.9373040752351097,0.9358974358974359,0.9373040752351097,0.9373040752351097,0.9271317829457365,0.9263322884012539,0.8526645768025078,26,"all","MLP#26","MLP",26
276,268,51,43,0.8652037617554859,0.8617363344051447,0.8652037617554859,0.8652037617554859,0.8544891640866874,0.8526645768025078,0.7053291536050157,27,"all","DT#27","DT",27
296,302,17,23,0.9467084639498433,0.9456869009584664,0.9467084639498433,0.9467084639498433,0.937888198757764,0.9373040752351097,0.8746081504702194,27,"all","RF#27","RF",27
289,245,74,30,0.9059561128526645,0.8909090909090909,0.9059561128526645,0.9059561128526645,0.847507331378299,0.8369905956112853,0.6739811912225706,27,"all","NB#27","NB",27
294,294,25,25,0.9216300940438872,0.9216300940438872,0.9216300940438872,0.9216300940438872,0.9216300940438872,0.9216300940438872,0.8432601880877744,27,"all","MLP#27","MLP",27
289,274,45,30,0.9059561128526645,0.9013157894736842,0.9059561128526645,0.9059561128526645,0.8851454823889741,0.8824451410658307,0.7648902821316614,28,"all","DT#28","DT",28
287,301,18,32,0.9435736677115988,0.940983606557377,0.9435736677115988,0.9435736677115988,0.9233128834355828,0.9216300940438872,0.8432601880877744,28,"all","RF#28","RF",28
279,242,77,40,0.8746081504702194,0.8581560283687943,0.8746081504702194,0.8746081504702194,0.8266666666666665,0.8166144200626959,0.6332288401253918,28,"all","NB#28","NB",28
287,288,31,32,0.9028213166144201,0.9025157232704403,0.9028213166144201,0.9028213166144201,0.9014084507042254,0.9012539184952978,0.8025078369905956,28,"all","MLP#28","MLP",28
288,281,38,31,0.9028213166144201,0.9006410256410257,0.9028213166144201,0.9028213166144201,0.8930232558139535,0.8918495297805643,0.7836990595611286,29,"all","DT#29","DT",29
288,304,15,31,0.9529780564263323,0.9504950495049505,0.9529780564263323,0.9529780564263323,0.9296636085626911,0.9278996865203761,0.8557993730407523,29,"all","RF#29","RF",29
285,243,76,34,0.8934169278996865,0.8772563176895307,0.8934169278996865,0.8934169278996865,0.8382352941176471,0.8275862068965517,0.6551724137931034,29,"all","NB#29","NB",29
299,287,32,20,0.9373040752351097,0.9348534201954397,0.9373040752351097,0.9373040752351097,0.92,0.9184952978056427,0.8369905956112853,29,"all","MLP#29","MLP",29
264,284,35,55,0.890282131661442,0.882943143812709,0.890282131661442,0.890282131661442,0.8632218844984803,0.8589341692789969,0.7178683385579938,30,"all","DT#30","DT",30
289,304,15,30,0.9529780564263323,0.9506578947368421,0.9529780564263323,0.9529780564263323,0.9310872894333844,0.9294670846394985,0.8589341692789969,30,"all","RF#30","RF",30
280,238,81,39,0.877742946708464,0.8592057761732852,0.877742946708464,0.877742946708464,0.8235294117647058,0.8119122257053292,0.6238244514106583,30,"all","NB#30","NB",30
289,296,23,30,0.9278996865203761,0.9262820512820513,0.9278996865203761,0.9278996865203761,0.917829457364341,0.9169278996865203,0.8338557993730407,30,"all","MLP#30","MLP",30
278,275,44,41,0.8714733542319749,0.870253164556962,0.8714733542319749,0.8714733542319749,0.8673946957878316,0.8667711598746082,0.7335423197492164,31,"all","DT#31","DT",31
297,301,18,22,0.9435736677115988,0.9428571428571428,0.9435736677115988,0.9435736677115988,0.9376947040498442,0.9373040752351097,0.8746081504702194,31,"all","RF#31","RF",31
283,243,76,36,0.8871473354231975,0.8709677419354839,0.8871473354231975,0.8871473354231975,0.8348082595870207,0.8244514106583072,0.6489028213166144,31,"all","NB#31","NB",31
297,295,24,22,0.9310344827586207,0.9305993690851735,0.9310344827586207,0.9310344827586207,0.9281250000000001,0.9278996865203761,0.8557993730407523,31,"all","MLP#31","MLP",31
287,289,30,32,0.9059561128526645,0.9053627760252366,0.9059561128526645,0.9059561128526645,0.903125,0.9028213166144201,0.8056426332288402,32,"all","DT#32","DT",32
297,300,19,22,0.9404388714733543,0.939873417721519,0.9404388714733543,0.9404388714733543,0.9360374414976599,0.9357366771159875,0.871473354231975,32,"all","RF#32","RF",32
285,253,66,34,0.8934169278996865,0.8815331010452961,0.8934169278996865,0.8934169278996865,0.8507462686567164,0.8432601880877743,0.6865203761755485,32,"all","NB#32","NB",32
296,288,31,23,0.9278996865203761,0.9260450160771704,0.9278996865203761,0.9278996865203761,0.9164086687306501,0.9153605015673981,0.8307210031347962,32,"all","MLP#32","MLP",32
269,267,52,50,0.8432601880877743,0.8422712933753943,0.8432601880877743,0.8432601880877743,0.8406250000000001,0.8401253918495298,0.6802507836990597,33,"all","DT#33","DT",33
288,303,16,31,0.9498432601880877,0.9473684210526315,0.9498432601880877,0.9498432601880877,0.9280245022970904,0.9263322884012539,0.8526645768025078,33,"all","RF#33","RF",33
276,238,81,43,0.8652037617554859,0.8469750889679716,0.8652037617554859,0.8652037617554859,0.8165680473372781,0.8056426332288401,0.6112852664576802,33,"all","NB#33","NB",33
291,290,29,28,0.9122257053291536,0.9119496855345912,0.9122257053291536,0.9122257053291536,0.9107981220657277,0.9106583072100314,0.8213166144200628,33,"all","MLP#33","MLP",33
275,281,38,44,0.8808777429467085,0.8785942492012779,0.8808777429467085,0.8808777429467085,0.8726708074534162,0.8714733542319749,0.7429467084639498,34,"all","DT#34","DT",34
286,305,14,33,0.9561128526645768,0.9533333333333334,0.9561128526645768,0.9561128526645768,0.928462709284627,0.9263322884012539,0.8526645768025078,34,"all","RF#34","RF",34
277,237,82,42,0.8683385579937304,0.8494623655913979,0.8683385579937304,0.8683385579937304,0.8171091445427728,0.8056426332288401,0.6112852664576802,34,"all","NB#34","NB",34
293,288,31,26,0.9184952978056427,0.9171974522292994,0.9184952978056427,0.9184952978056427,0.911353032659409,0.9106583072100314,0.8213166144200628,34,"all","MLP#34","MLP",34
282,276,43,37,0.8840125391849529,0.8817891373801917,0.8840125391849529,0.8840125391849529,0.8757763975155279,0.8746081504702194,0.7492163009404389,35,"all","DT#35","DT",35
285,306,13,34,0.9592476489028213,0.9563758389261745,0.9592476489028213,0.9592476489028213,0.928679817905918,0.9263322884012539,0.8526645768025078,35,"all","RF#35","RF",35
271,252,67,48,0.8495297805642633,0.84,0.8495297805642633,0.8495297805642633,0.8249619482496194,0.8197492163009404,0.6394984326018809,35,"all","NB#35","NB",35
292,287,32,27,0.9153605015673981,0.9140127388535032,0.9153605015673981,0.9153605015673981,0.9082426127527217,0.9075235109717869,0.8150470219435737,35,"all","MLP#35","MLP",35
289,278,41,30,0.9059561128526645,0.9025974025974026,0.9059561128526645,0.9059561128526645,0.8906009244992296,0.8887147335423198,0.7774294670846396,36,"all","DT#36","DT",36
296,309,10,23,0.9686520376175548,0.9673202614379085,0.9686520376175548,0.9686520376175548,0.9493087557603686,0.9482758620689655,0.896551724137931,36,"all","RF#36","RF",36
274,240,79,45,0.8589341692789969,0.8421052631578947,0.8589341692789969,0.8589341692789969,0.8154761904761906,0.8056426332288401,0.6112852664576802,36,"all","NB#36","NB",36
294,292,27,25,0.9216300940438872,0.9211356466876972,0.9216300940438872,0.9216300940438872,0.91875,0.9184952978056427,0.8369905956112853,36,"all","MLP#36","MLP",36
277,274,45,42,0.8683385579937304,0.8670886075949367,0.8683385579937304,0.8683385579937304,0.8642745709828392,0.8636363636363636,0.7272727272727273,37,"all","DT#37","DT",37
295,303,16,24,0.9498432601880877,0.9485530546623794,0.9498432601880877,0.9498432601880877,0.9380804953560371,0.9373040752351097,0.8746081504702194,37,"all","RF#37","RF",37
269,219,100,50,0.8432601880877743,0.8141263940520446,0.8432601880877743,0.8432601880877743,0.7819767441860466,0.7648902821316614,0.5297805642633229,37,"all","NB#37","NB",37
291,299,20,28,0.9373040752351097,0.9356913183279743,0.9373040752351097,0.9373040752351097,0.9256965944272445,0.9247648902821317,0.8495297805642634,37,"all","MLP#37","MLP",37
290,283,36,29,0.9090909090909091,0.907051282051282,0.9090909090909091,0.9090909090909091,0.8992248062015504,0.8981191222570533,0.7962382445141065,38,"all","DT#38","DT",38
293,306,13,26,0.9592476489028213,0.9575163398692811,0.9592476489028213,0.9592476489028213,0.9400921658986175,0.9388714733542319,0.8777429467084639,38,"all","RF#38","RF",38
288,225,94,31,0.9028213166144201,0.87890625,0.9028213166144201,0.9028213166144201,0.8216833095577746,0.8040752351097179,0.6081504702194358,38,"all","NB#38","NB",38
302,292,27,17,0.9467084639498433,0.9449838187702265,0.9467084639498433,0.9467084639498433,0.9320987654320988,0.9310344827586207,0.8620689655172413,38,"all","MLP#38","MLP",38
291,279,40,28,0.9122257053291536,0.9087947882736156,0.9122257053291536,0.9122257053291536,0.8953846153846153,0.8934169278996865,0.786833855799373,39,"all","DT#39","DT",39
294,302,17,25,0.9467084639498433,0.9453376205787781,0.9467084639498433,0.9467084639498433,0.934984520123839,0.9341692789968652,0.8683385579937304,39,"all","RF#39","RF",39
290,236,83,29,0.9090909090909091,0.8905660377358491,0.9090909090909091,0.9090909090909091,0.838150289017341,0.8244514106583072,0.6489028213166144,39,"all","NB#39","NB",39
296,289,30,23,0.9278996865203761,0.9262820512820513,0.9278996865203761,0.9278996865203761,0.917829457364341,0.9169278996865203,0.8338557993730407,39,"all","MLP#39","MLP",39
279,283,36,40,0.8871473354231975,0.8857142857142857,0.8871473354231975,0.8871473354231975,0.881619937694704,0.8808777429467085,0.761755485893417,40,"all","DT#40","DT",40
293,308,11,26,0.9655172413793104,0.9638157894736842,0.9655172413793104,0.9655172413793104,0.9433384379785605,0.9420062695924765,0.8840125391849529,40,"all","RF#40","RF",40
278,248,71,41,0.8714733542319749,0.8581314878892734,0.8714733542319749,0.8714733542319749,0.8323353293413173,0.8244514106583072,0.6489028213166144,40,"all","NB#40","NB",40
292,295,24,27,0.9247648902821317,0.9240506329113924,0.9247648902821317,0.9247648902821317,0.920436817472699,0.9200626959247649,0.8401253918495297,40,"all","MLP#40","MLP",40
276,285,34,43,0.8934169278996865,0.8903225806451613,0.8934169278996865,0.8934169278996865,0.8809891808346213,0.8793103448275862,0.7586206896551724,41,"all","DT#41","DT",41
290,312,7,29,0.9780564263322884,0.9764309764309764,0.9780564263322884,0.9780564263322884,0.9454545454545454,0.9435736677115988,0.8871473354231976,41,"all","RF#41","RF",41
279,251,68,40,0.8746081504702194,0.8625429553264605,0.8746081504702194,0.8746081504702194,0.8378378378378378,0.8307210031347962,0.6614420062695925,41,"all","NB#41","NB",41
301,297,22,18,0.9435736677115988,0.9428571428571428,0.9435736677115988,0.9435736677115988,0.9376947040498442,0.9373040752351097,0.8746081504702194,41,"all","MLP#41","MLP",41
283,276,43,36,0.8871473354231975,0.8846153846153846,0.8871473354231975,0.8871473354231975,0.8775193798449612,0.8761755485893417,0.7523510971786833,42,"all","DT#42","DT",42
297,302,17,22,0.9467084639498433,0.945859872611465,0.9467084639498433,0.9467084639498433,0.9393468118195958,0.9388714733542319,0.8777429467084639,42,"all","RF#42","RF",42
288,228,91,31,0.9028213166144201,0.8803088803088803,0.9028213166144201,0.9028213166144201,0.8252148997134671,0.8087774294670846,0.6175548589341693,42,"all","NB#42","NB",42
299,294,25,20,0.9373040752351097,0.9363057324840764,0.9373040752351097,0.9373040752351097,0.9300155520995335,0.9294670846394985,0.8589341692789969,42,"all","MLP#42","MLP",42
278,281,38,41,0.8808777429467085,0.879746835443038,0.8808777429467085,0.8808777429467085,0.8767550702028082,0.8761755485893417,0.7523510971786833,43,"all","DT#43","DT",43
289,301,18,30,0.9435736677115988,0.9413680781758957,0.9435736677115988,0.9435736677115988,0.9261538461538461,0.9247648902821317,0.8495297805642634,43,"all","RF#43","RF",43
277,232,87,42,0.8683385579937304,0.8467153284671532,0.8683385579937304,0.8683385579937304,0.8111273792093704,0.7978056426332288,0.5956112852664577,43,"all","NB#43","NB",43
291,288,31,28,0.9122257053291536,0.9113924050632911,0.9122257053291536,0.9122257053291536,0.9079563182527302,0.9075235109717869,0.8150470219435737,43,"all","MLP#43","MLP",43
280,286,33,39,0.896551724137931,0.8945686900958466,0.896551724137931,0.896551724137931,0.8881987577639752,0.8871473354231975,0.7742946708463949,44,"all","DT#44","DT",44
287,310,9,32,0.9717868338557993,0.9695945945945946,0.9717868338557993,0.9717868338557993,0.9379727685325264,0.9357366771159875,0.871473354231975,44,"all","RF#44","RF",44
274,261,58,45,0.8589341692789969,0.8529411764705882,0.8589341692789969,0.8589341692789969,0.8417818740399386,0.8385579937304075,0.677115987460815,44,"all","NB#44","NB",44
289,301,18,30,0.9435736677115988,0.9413680781758957,0.9435736677115988,0.9435736677115988,0.9261538461538461,0.9247648902821317,0.8495297805642634,44,"all","MLP#44","MLP",44
276,285,34,43,0.8934169278996865,0.8903225806451613,0.8934169278996865,0.8934169278996865,0.8809891808346213,0.8793103448275862,0.7586206896551724,45,"all","DT#45","DT",45
283,306,13,36,0.9592476489028213,0.956081081081081,0.9592476489028213,0.9592476489028213,0.9258698940998488,0.9231974921630094,0.8463949843260188,45,"all","RF#45","RF",45
280,243,76,39,0.877742946708464,0.8617021276595744,0.877742946708464,0.877742946708464,0.8296296296296296,0.8197492163009404,0.6394984326018809,45,"all","NB#45","NB",45
300,278,41,19,0.9404388714733543,0.936026936026936,0.9404388714733543,0.9404388714733543,0.9090909090909091,0.9059561128526645,0.8119122257053291,45,"all","MLP#45","MLP",45
280,283,36,39,0.8871473354231975,0.8860759493670886,0.8871473354231975,0.8871473354231975,0.8829953198127926,0.8824451410658307,0.7648902821316614,46,"all","DT#46","DT",46
296,303,16,23,0.9498432601880877,0.9487179487179487,0.9498432601880877,0.9498432601880877,0.9395348837209302,0.9388714733542319,0.8777429467084639,46,"all","RF#46","RF",46
284,243,76,35,0.890282131661442,0.8741007194244604,0.890282131661442,0.890282131661442,0.8365243004418261,0.8260188087774295,0.652037617554859,46,"all","NB#46","NB",46
296,296,23,23,0.9278996865203761,0.9278996865203761,0.9278996865203761,0.9278996865203761,0.9278996865203762,0.9278996865203761,0.8557993730407523,46,"all","MLP#46","MLP",46
289,272,47,30,0.9059561128526645,0.9006622516556292,0.9059561128526645,0.9059561128526645,0.8824427480916031,0.8793103448275862,0.7586206896551724,47,"all","DT#47","DT",47
291,295,24,28,0.9247648902821317,0.9238095238095239,0.9247648902821317,0.9247648902821317,0.9190031152647975,0.9184952978056427,0.8369905956112853,47,"all","RF#47","RF",47
280,238,81,39,0.877742946708464,0.8592057761732852,0.877742946708464,0.877742946708464,0.8235294117647058,0.8119122257053292,0.6238244514106583,47,"all","NB#47","NB",47
305,282,37,14,0.9561128526645768,0.9527027027027027,0.9561128526645768,0.9561128526645768,0.9228441754916793,0.9200626959247649,0.8401253918495297,47,"all","MLP#47","MLP",47
275,279,40,44,0.8746081504702194,0.873015873015873,0.8746081504702194,0.8746081504702194,0.8691588785046729,0.8683385579937304,0.7366771159874608,48,"all","DT#48","DT",48
289,299,20,30,0.9373040752351097,0.9352750809061489,0.9373040752351097,0.9373040752351097,0.9228395061728395,0.9216300940438872,0.8432601880877744,48,"all","RF#48","RF",48
278,239,80,41,0.8714733542319749,0.8535714285714285,0.8714733542319749,0.8714733542319749,0.8212703101920237,0.8103448275862069,0.6206896551724137,48,"all","NB#48","NB",48
298,296,23,21,0.9341692789968652,0.9337539432176656,0.9341692789968652,0.9341692789968652,0.9312499999999999,0.9310344827586207,0.8620689655172413,48,"all","MLP#48","MLP",48
282,271,48,37,0.8840125391849529,0.8798701298701299,0.8840125391849529,0.8840125391849529,0.8690292758089369,0.8667711598746082,0.7335423197492164,49,"all","DT#49","DT",49
292,296,23,27,0.9278996865203761,0.926984126984127,0.9278996865203761,0.9278996865203761,0.9221183800623053,0.9216300940438872,0.8432601880877744,49,"all","RF#49","RF",49
277,251,68,42,0.8683385579937304,0.856655290102389,0.8683385579937304,0.8683385579937304,0.8343373493975903,0.8275862068965517,0.6551724137931034,49,"all","NB#49","NB",49
294,295,24,25,0.9247648902821317,0.9245283018867925,0.9247648902821317,0.9247648902821317,0.9233176838810643,0.9231974921630094,0.8463949843260188,49,"all","MLP#49","MLP",49
273,269,50,46,0.8557993730407524,0.8539682539682539,0.8557993730407524,0.8557993730407524,0.8504672897196262,0.8495297805642633,0.6990595611285266,50,"all","DT#50","DT",50
289,306,13,30,0.9592476489028213,0.956953642384106,0.9592476489028213,0.9592476489028213,0.934351145038168,0.932601880877743,0.865203761755486,50,"all","RF#50","RF",50
277,240,79,42,0.8683385579937304,0.851063829787234,0.8683385579937304,0.8683385579937304,0.8207407407407407,0.8103448275862069,0.6206896551724137,50,"all","NB#50","NB",50
294,296,23,25,0.9278996865203761,0.9274447949526814,0.9278996865203761,0.9278996865203761,0.9249999999999999,0.9247648902821317,0.8495297805642634,50,"all","MLP#50","MLP",50
282,281,38,37,0.8840125391849529,0.8836477987421384,0.8840125391849529,0.8840125391849529,0.8826291079812205,0.8824451410658307,0.7648902821316614,51,"all","DT#51","DT",51
298,306,13,21,0.9592476489028213,0.9581993569131833,0.9592476489028213,0.9592476489028213,0.9473684210526316,0.9467084639498433,0.8934169278996866,51,"all","RF#51","RF",51
279,257,62,40,0.8746081504702194,0.8653198653198653,0.8746081504702194,0.8746081504702194,0.8454545454545456,0.8401253918495298,0.6802507836990597,51,"all","NB#51","NB",51
297,295,24,22,0.9310344827586207,0.9305993690851735,0.9310344827586207,0.9310344827586207,0.9281250000000001,0.9278996865203761,0.8557993730407523,51,"all","MLP#51","MLP",51
287,285,34,32,0.8996865203761756,0.8990536277602523,0.8996865203761756,0.8996865203761756,0.896875,0.896551724137931,0.7931034482758621,52,"all","DT#52","DT",52
293,304,15,26,0.9529780564263323,0.9512987012987013,0.9529780564263323,0.9529780564263323,0.9368258859784284,0.9357366771159875,0.871473354231975,52,"all","RF#52","RF",52
276,243,76,43,0.8652037617554859,0.8496503496503497,0.8652037617554859,0.8652037617554859,0.8226527570789866,0.8134796238244514,0.6269592476489028,52,"all","NB#52","NB",52
293,295,24,26,0.9247648902821317,0.9242902208201893,0.9247648902821317,0.9247648902821317,0.921875,0.9216300940438872,0.8432601880877744,52,"all","MLP#52","MLP",52
292,274,45,27,0.9153605015673981,0.9102990033222591,0.9153605015673981,0.9153605015673981,0.8902439024390244,0.8871473354231975,0.7742946708463949,53,"all","DT#53","DT",53
298,298,21,21,0.9341692789968652,0.9341692789968652,0.9341692789968652,0.9341692789968652,0.9341692789968652,0.9341692789968652,0.8683385579937304,53,"all","RF#53","RF",53
286,237,82,33,0.896551724137931,0.8777777777777778,0.896551724137931,0.896551724137931,0.8326055312954876,0.8197492163009404,0.6394984326018809,53,"all","NB#53","NB",53
304,282,37,15,0.9529780564263323,0.9494949494949495,0.9529780564263323,0.9529780564263323,0.9212121212121213,0.9184952978056427,0.8369905956112853,53,"all","MLP#53","MLP",53
280,272,47,39,0.877742946708464,0.8745980707395499,0.877742946708464,0.877742946708464,0.8668730650154799,0.8652037617554859,0.7304075235109717,54,"all","DT#54","DT",54
294,303,16,25,0.9498432601880877,0.9483870967741935,0.9498432601880877,0.9498432601880877,0.9366306027820711,0.9357366771159875,0.871473354231975,54,"all","RF#54","RF",54
284,240,79,35,0.890282131661442,0.8727272727272727,0.890282131661442,0.890282131661442,0.8328445747800586,0.8213166144200627,0.6426332288401253,54,"all","NB#54","NB",54
292,291,28,27,0.9153605015673981,0.9150943396226415,0.9153605015673981,0.9153605015673981,0.9139280125195618,0.9137931034482759,0.8275862068965518,54,"all","MLP#54","MLP",54
273,279,40,46,0.8746081504702194,0.8722044728434505,0.8746081504702194,0.8746081504702194,0.8664596273291926,0.8652037617554859,0.7304075235109717,55,"all","DT#55","DT",55
293,297,22,26,0.9310344827586207,0.9301587301587302,0.9310344827586207,0.9310344827586207,0.9252336448598131,0.9247648902821317,0.8495297805642634,55,"all","RF#55","RF",55
283,251,68,36,0.8871473354231975,0.8745644599303136,0.8871473354231975,0.8871473354231975,0.844776119402985,0.8369905956112853,0.6739811912225706,55,"all","NB#55","NB",55
295,287,32,24,0.9247648902821317,0.9228295819935691,0.9247648902821317,0.9247648902821317,0.9133126934984521,0.9122257053291536,0.8244514106583072,55,"all","MLP#55","MLP",55
281,272,47,38,0.8808777429467085,0.8774193548387097,0.8808777429467085,0.8808777429467085,0.8686244204018547,0.8667711598746082,0.7335423197492164,56,"all","DT#56","DT",56
300,301,18,19,0.9435736677115988,0.9433962264150944,0.9435736677115988,0.9435736677115988,0.9420970266040688,0.9420062695924765,0.8840125391849529,56,"all","RF#56","RF",56
290,249,70,29,0.9090909090909091,0.89568345323741,0.9090909090909091,0.9090909090909091,0.8541973490427099,0.8448275862068966,0.6896551724137931,56,"all","NB#56","NB",56
296,282,37,23,0.9278996865203761,0.9245901639344263,0.9278996865203761,0.9278996865203761,0.9079754601226994,0.9059561128526645,0.8119122257053291,56,"all","MLP#56","MLP",56
284,277,42,35,0.890282131661442,0.8878205128205128,0.890282131661442,0.890282131661442,0.8806201550387597,0.8793103448275862,0.7586206896551724,57,"all","DT#57","DT",57
293,303,16,26,0.9498432601880877,0.948220064724919,0.9498432601880877,0.9498432601880877,0.9351851851851852,0.9341692789968652,0.8683385579937304,57,"all","RF#57","RF",57
279,245,74,40,0.8746081504702194,0.8596491228070176,0.8746081504702194,0.8746081504702194,0.8303571428571429,0.8213166144200627,0.6426332288401253,57,"all","NB#57","NB",57
289,281,38,30,0.9059561128526645,0.9035369774919614,0.9059561128526645,0.9059561128526645,0.894736842105263,0.8934169278996865,0.786833855799373,57,"all","MLP#57","MLP",57
278,277,42,41,0.8714733542319749,0.8710691823899371,0.8714733542319749,0.8714733542319749,0.8701095461658842,0.8699059561128527,0.7398119122257054,58,"all","DT#58","DT",58
293,305,14,26,0.9561128526645768,0.9543973941368078,0.9561128526645768,0.9561128526645768,0.9384615384615385,0.9373040752351097,0.8746081504702194,58,"all","RF#58","RF",58
274,247,72,45,0.8589341692789969,0.8458904109589042,0.8589341692789969,0.8589341692789969,0.8240601503759398,0.8166144200626959,0.6332288401253918,58,"all","NB#58","NB",58
289,288,31,30,0.9059561128526645,0.9056603773584906,0.9059561128526645,0.9059561128526645,0.9045383411580594,0.9043887147335423,0.8087774294670846,58,"all","MLP#58","MLP",58
282,284,35,37,0.890282131661442,0.889589905362776,0.890282131661442,0.890282131661442,0.8875000000000001,0.8871473354231975,0.7742946708463949,59,"all","DT#59","DT",59
286,303,16,33,0.9498432601880877,0.9470198675496688,0.9498432601880877,0.9498432601880877,0.9251908396946565,0.9231974921630094,0.8463949843260188,59,"all","RF#59","RF",59
278,237,82,41,0.8714733542319749,0.8525179856115108,0.8714733542319749,0.8714733542319749,0.8188512518409427,0.8072100313479624,0.6144200626959249,59,"all","NB#59","NB",59
292,293,26,27,0.9184952978056427,0.9182389937106918,0.9184952978056427,0.9184952978056427,0.9170579029733958,0.9169278996865203,0.8338557993730407,59,"all","MLP#59","MLP",59
284,276,43,35,0.890282131661442,0.887459807073955,0.890282131661442,0.890282131661442,0.8792569659442724,0.877742946708464,0.755485893416928,60,"all","DT#60","DT",60
292,298,21,27,0.9341692789968652,0.9329073482428115,0.9341692789968652,0.9341692789968652,0.9254658385093169,0.9247648902821317,0.8495297805642634,60,"all","RF#60","RF",60
276,243,76,43,0.8652037617554859,0.8496503496503497,0.8652037617554859,0.8652037617554859,0.8226527570789866,0.8134796238244514,0.6269592476489028,60,"all","NB#60","NB",60
300,295,24,19,0.9404388714733543,0.9394904458598726,0.9404388714733543,0.9404388714733543,0.9331259720062207,0.932601880877743,0.865203761755486,60,"all","MLP#60","MLP",60
284,293,26,35,0.9184952978056427,0.9161290322580645,0.9184952978056427,0.9184952978056427,0.9057187017001546,0.9043887147335423,0.8087774294670846,61,"all","DT#61","DT",61
295,299,20,24,0.9373040752351097,0.9365079365079365,0.9373040752351097,0.9373040752351097,0.9314641744548287,0.9310344827586207,0.8620689655172413,61,"all","RF#61","RF",61
291,241,78,28,0.9122257053291536,0.895910780669145,0.9122257053291536,0.9122257053291536,0.8459302325581395,0.8338557993730408,0.6677115987460815,61,"all","NB#61","NB",61
296,290,29,23,0.9278996865203761,0.9265175718849841,0.9278996865203761,0.9278996865203761,0.9192546583850931,0.9184952978056427,0.8369905956112853,61,"all","MLP#61","MLP",61
278,282,37,41,0.8840125391849529,0.8825396825396825,0.8840125391849529,0.8840125391849529,0.8785046728971964,0.877742946708464,0.755485893416928,62,"all","DT#62","DT",62
287,306,13,32,0.9592476489028213,0.9566666666666667,0.9592476489028213,0.9592476489028213,0.9315068493150686,0.9294670846394985,0.8589341692789969,62,"all","RF#62","RF",62
267,254,65,52,0.8369905956112853,0.8300653594771242,0.8369905956112853,0.8369905956112853,0.8202764976958525,0.8166144200626959,0.6332288401253918,62,"all","NB#62","NB",62
294,296,23,25,0.9278996865203761,0.9274447949526814,0.9278996865203761,0.9278996865203761,0.9249999999999999,0.9247648902821317,0.8495297805642634,62,"all","MLP#62","MLP",62
280,273,46,39,0.877742946708464,0.875,0.877742946708464,0.877742946708464,0.868217054263566,0.8667711598746082,0.7335423197492164,63,"all","DT#63","DT",63
296,300,19,23,0.9404388714733543,0.9396825396825397,0.9404388714733543,0.9404388714733543,0.9345794392523363,0.9341692789968652,0.8683385579937304,63,"all","RF#63","RF",63
273,245,74,46,0.8557993730407524,0.8419243986254296,0.8557993730407524,0.8557993730407524,0.8198198198198198,0.8119122257053292,0.6238244514106583,63,"all","NB#63","NB",63
298,283,36,21,0.9341692789968652,0.930921052631579,0.9341692789968652,0.9341692789968652,0.9127105666156202,0.9106583072100314,0.8213166144200628,63,"all","MLP#63","MLP",63
289,256,63,30,0.9059561128526645,0.8951048951048951,0.9059561128526645,0.9059561128526645,0.8614008941877794,0.85423197492163,0.7084639498432601,64,"all","DT#64","DT",64
296,298,21,23,0.9341692789968652,0.9337539432176656,0.9341692789968652,0.9341692789968652,0.9312499999999999,0.9310344827586207,0.8620689655172413,64,"all","RF#64","RF",64
284,258,61,35,0.890282131661442,0.8805460750853242,0.890282131661442,0.890282131661442,0.8554216867469879,0.8495297805642633,0.6990595611285266,64,"all","NB#64","NB",64
294,288,31,25,0.9216300940438872,0.9201277955271565,0.9216300940438872,0.9216300940438872,0.9130434782608695,0.9122257053291536,0.8244514106583072,64,"all","MLP#64","MLP",64
278,260,59,41,0.8714733542319749,0.8637873754152824,0.8714733542319749,0.8714733542319749,0.8475609756097561,0.8432601880877743,0.6865203761755485,65,"all","DT#65","DT",65
292,289,30,27,0.9153605015673981,0.9145569620253164,0.9153605015673981,0.9153605015673981,0.9110764430577223,0.9106583072100314,0.8213166144200628,65,"all","RF#65","RF",65
278,246,73,41,0.8714733542319749,0.8571428571428571,0.8714733542319749,0.8714733542319749,0.8298507462686567,0.8213166144200627,0.6426332288401253,65,"all","NB#65","NB",65
306,279,40,13,0.9592476489028213,0.9554794520547946,0.9592476489028213,0.9592476489028213,0.9203007518796993,0.9169278996865203,0.8338557993730407,65,"all","MLP#65","MLP",65
282,283,36,37,0.8871473354231975,0.8867924528301887,0.8871473354231975,0.8871473354231975,0.8857589984350548,0.8855799373040752,0.7711598746081505,66,"all","DT#66","DT",66
284,303,16,35,0.9498432601880877,0.9466666666666667,0.9498432601880877,0.9498432601880877,0.9223744292237442,0.9200626959247649,0.8401253918495297,66,"all","RF#66","RF",66
275,243,76,44,0.8620689655172413,0.8466898954703833,0.8620689655172413,0.8620689655172413,0.8208955223880596,0.8119122257053292,0.6238244514106583,66,"all","NB#66","NB",66
292,289,30,27,0.9153605015673981,0.9145569620253164,0.9153605015673981,0.9153605015673981,0.9110764430577223,0.9106583072100314,0.8213166144200628,66,"all","MLP#66","MLP",66
285,273,46,34,0.8934169278996865,0.8892508143322475,0.8934169278996865,0.8934169278996865,0.8769230769230769,0.8746081504702194,0.7492163009404389,67,"all","DT#67","DT",67
294,304,15,25,0.9529780564263323,0.9514563106796117,0.9529780564263323,0.9529780564263323,0.9382716049382716,0.9373040752351097,0.8746081504702194,67,"all","RF#67","RF",67
285,253,66,34,0.8934169278996865,0.8815331010452961,0.8934169278996865,0.8934169278996865,0.8507462686567164,0.8432601880877743,0.6865203761755485,67,"all","NB#67","NB",67
299,292,27,20,0.9373040752351097,0.9358974358974359,0.9373040752351097,0.9373040752351097,0.9271317829457365,0.9263322884012539,0.8526645768025078,67,"all","MLP#67","MLP",67
267,277,42,52,0.8683385579937304,0.8640776699029126,0.8683385579937304,0.8683385579937304,0.8549382716049382,0.8526645768025078,0.7053291536050157,68,"all","DT#68","DT",68
289,304,15,30,0.9529780564263323,0.9506578947368421,0.9529780564263323,0.9529780564263323,0.9310872894333844,0.9294670846394985,0.8589341692789969,68,"all","RF#68","RF",68
266,254,65,53,0.8338557993730408,0.8273615635179153,0.8338557993730408,0.8338557993730408,0.8184615384615386,0.8150470219435737,0.6300940438871474,68,"all","NB#68","NB",68
289,295,24,30,0.9247648902821317,0.9233226837060703,0.9247648902821317,0.9247648902821317,0.9161490683229814,0.9153605015673981,0.8307210031347962,68,"all","MLP#68","MLP",68
285,276,43,34,0.8934169278996865,0.8903225806451613,0.8934169278996865,0.8934169278996865,0.8809891808346213,0.8793103448275862,0.7586206896551724,69,"all","DT#69","DT",69
282,308,11,37,0.9655172413793104,0.962457337883959,0.9655172413793104,0.9655172413793104,0.927710843373494,0.9247648902821317,0.8495297805642634,69,"all","RF#69","RF",69
280,248,71,39,0.877742946708464,0.8641114982578397,0.877742946708464,0.877742946708464,0.835820895522388,0.8275862068965517,0.6551724137931034,69,"all","NB#69","NB",69
292,296,23,27,0.9278996865203761,0.926984126984127,0.9278996865203761,0.9278996865203761,0.9221183800623053,0.9216300940438872,0.8432601880877744,69,"all","MLP#69","MLP",69
288,280,39,31,0.9028213166144201,0.9003215434083601,0.9028213166144201,0.9028213166144201,0.8916408668730651,0.890282131661442,0.780564263322884,70,"all","DT#70","DT",70
293,302,17,26,0.9467084639498433,0.9451612903225807,0.9467084639498433,0.9467084639498433,0.9335394126738795,0.932601880877743,0.865203761755486,70,"all","RF#70","RF",70
283,238,81,36,0.8871473354231975,0.8686131386861314,0.8871473354231975,0.8871473354231975,0.8286969253294291,0.8166144200626959,0.6332288401253918,70,"all","NB#70","NB",70
291,299,20,28,0.9373040752351097,0.9356913183279743,0.9373040752351097,0.9373040752351097,0.9256965944272445,0.9247648902821317,0.8495297805642634,70,"all","MLP#70","MLP",70
292,271,48,27,0.9153605015673981,0.9093959731543624,0.9153605015673981,0.9153605015673981,0.8861911987860395,0.8824451410658307,0.7648902821316614,71,"all","DT#71","DT",71
295,298,21,24,0.9341692789968652,0.9335443037974683,0.9341692789968652,0.9341692789968652,0.9297971918876754,0.9294670846394985,0.8589341692789969,71,"all","RF#71","RF",71
288,232,87,31,0.9028213166144201,0.8821292775665399,0.9028213166144201,0.9028213166144201,0.829971181556196,0.8150470219435737,0.6300940438871474,71,"all","NB#71","NB",71
303,289,30,16,0.9498432601880877,0.9475409836065574,0.9498432601880877,0.9498432601880877,0.9294478527607362,0.9278996865203761,0.8557993730407523,71,"all","MLP#71","MLP",71
288,268,51,31,0.9028213166144201,0.8963210702341137,0.9028213166144201,0.9028213166144201,0.8753799392097265,0.8714733542319749,0.7429467084639498,72,"all","DT#72","DT",72
298,306,13,21,0.9592476489028213,0.9581993569131833,0.9592476489028213,0.9592476489028213,0.9473684210526316,0.9467084639498433,0.8934169278996866,72,"all","RF#72","RF",72
272,244,75,47,0.8526645768025078,0.8384879725085911,0.8526645768025078,0.8526645768025078,0.8168168168168167,0.8087774294670846,0.6175548589341693,72,"all","NB#72","NB",72
296,292,27,23,0.9278996865203761,0.926984126984127,0.9278996865203761,0.9278996865203761,0.9221183800623053,0.9216300940438872,0.8432601880877744,72,"all","MLP#72","MLP",72
294,272,47,25,0.9216300940438872,0.9158249158249159,0.9216300940438872,0.9216300940438872,0.8909090909090909,0.8871473354231975,0.7742946708463949,73,"all","DT#73","DT",73
296,294,25,23,0.9278996865203761,0.9274447949526814,0.9278996865203761,0.9278996865203761,0.9249999999999999,0.9247648902821317,0.8495297805642634,73,"all","RF#73","RF",73
282,239,80,37,0.8840125391849529,0.8659420289855072,0.8840125391849529,0.8840125391849529,0.8281938325991189,0.8166144200626959,0.6332288401253918,73,"all","NB#73","NB",73
295,296,23,24,0.9278996865203761,0.9276729559748428,0.9278996865203761,0.9278996865203761,0.9264475743348982,0.9263322884012539,0.8526645768025078,73,"all","MLP#73","MLP",73
274,276,43,45,0.8652037617554859,0.8643533123028391,0.8652037617554859,0.8652037617554859,0.8625,0.8620689655172413,0.7241379310344827,74,"all","DT#74","DT",74
286,299,20,33,0.9373040752351097,0.934640522875817,0.9373040752351097,0.9373040752351097,0.9185867895545315,0.9169278996865203,0.8338557993730407,74,"all","RF#74","RF",74
274,242,77,45,0.8589341692789969,0.8432055749128919,0.8589341692789969,0.8589341692789969,0.817910447761194,0.8087774294670846,0.6175548589341693,74,"all","NB#74","NB",74
282,306,13,37,0.9592476489028213,0.9559322033898305,0.9592476489028213,0.9592476489028213,0.9244712990936557,0.9216300940438872,0.8432601880877744,74,"all","MLP#74","MLP",74
280,272,47,39,0.877742946708464,0.8745980707395499,0.877742946708464,0.877742946708464,0.8668730650154799,0.8652037617554859,0.7304075235109717,75,"all","DT#75","DT",75
282,302,17,37,0.9467084639498433,0.9431438127090301,0.9467084639498433,0.9467084639498433,0.9179331306990881,0.9153605015673981,0.8307210031347962,75,"all","RF#75","RF",75
278,241,78,41,0.8714733542319749,0.8546099290780141,0.8714733542319749,0.8714733542319749,0.8237037037037037,0.8134796238244514,0.6269592476489028,75,"all","NB#75","NB",75
298,282,37,21,0.9341692789968652,0.9306930693069307,0.9341692789968652,0.9341692789968652,0.9113149847094801,0.9090909090909091,0.8181818181818181,75,"all","MLP#75","MLP",75
287,267,52,32,0.8996865203761756,0.8929765886287625,0.8996865203761756,0.8996865203761756,0.8723404255319149,0.8683385579937304,0.7366771159874608,76,"all","DT#76","DT",76
298,296,23,21,0.9341692789968652,0.9337539432176656,0.9341692789968652,0.9341692789968652,0.9312499999999999,0.9310344827586207,0.8620689655172413,76,"all","RF#76","RF",76
276,243,76,43,0.8652037617554859,0.8496503496503497,0.8652037617554859,0.8652037617554859,0.8226527570789866,0.8134796238244514,0.6269592476489028,76,"all","NB#76","NB",76
297,284,35,22,0.9310344827586207,0.9281045751633987,0.9310344827586207,0.9310344827586207,0.9124423963133641,0.9106583072100314,0.8213166144200628,76,"all","MLP#76","MLP",76
288,262,57,31,0.9028213166144201,0.89419795221843,0.9028213166144201,0.9028213166144201,0.8674698795180724,0.8620689655172413,0.7241379310344827,77,"all","DT#77","DT",77
296,292,27,23,0.9278996865203761,0.926984126984127,0.9278996865203761,0.9278996865203761,0.9221183800623053,0.9216300940438872,0.8432601880877744,77,"all","RF#77","RF",77
276,243,76,43,0.8652037617554859,0.8496503496503497,0.8652037617554859,0.8652037617554859,0.8226527570789866,0.8134796238244514,0.6269592476489028,77,"all","NB#77","NB",77
304,292,27,15,0.9529780564263323,0.9511400651465798,0.9529780564263323,0.9529780564263323,0.9353846153846154,0.9341692789968652,0.8683385579937304,77,"all","MLP#77","MLP",77
280,279,40,39,0.877742946708464,0.8773584905660378,0.877742946708464,0.877742946708464,0.8763693270735524,0.8761755485893417,0.7523510971786833,78,"all","DT#78","DT",78
292,306,13,27,0.9592476489028213,0.9573770491803278,0.9592476489028213,0.9592476489028213,0.9386503067484663,0.9373040752351097,0.8746081504702194,78,"all","RF#78","RF",78
273,249,70,46,0.8557993730407524,0.8440677966101695,0.8557993730407524,0.8557993730407524,0.8247734138972809,0.8181818181818182,0.6363636363636365,78,"all","NB#78","NB",78
296,299,20,23,0.9373040752351097,0.9367088607594937,0.9373040752351097,0.9373040752351097,0.9329173166926678,0.932601880877743,0.865203761755486,78,"all","MLP#78","MLP",78
273,285,34,46,0.8934169278996865,0.8892508143322475,0.8934169278996865,0.8934169278996865,0.8769230769230769,0.8746081504702194,0.7492163009404389,79,"all","DT#79","DT",79
290,305,14,29,0.9561128526645768,0.9539473684210527,0.9561128526645768,0.9561128526645768,0.9341500765696784,0.932601880877743,0.865203761755486,79,"all","RF#79","RF",79
276,246,73,43,0.8652037617554859,0.8512110726643599,0.8652037617554859,0.8652037617554859,0.8263473053892215,0.8181818181818182,0.6363636363636365,79,"all","NB#79","NB",79
289,289,30,30,0.9059561128526645,0.9059561128526645,0.9059561128526645,0.9059561128526645,0.9059561128526645,0.9059561128526645,0.8119122257053291,79,"all","MLP#79","MLP",79
291,278,41,28,0.9122257053291536,0.9084967320261438,0.9122257053291536,0.9122257053291536,0.8940092165898618,0.8918495297805643,0.7836990595611286,80,"all","DT#80","DT",80
300,306,13,19,0.9592476489028213,0.9584664536741214,0.9592476489028213,0.9592476489028213,0.9503105590062111,0.9498432601880877,0.8996865203761755,80,"all","RF#80","RF",80
288,243,76,31,0.9028213166144201,0.8868613138686131,0.9028213166144201,0.9028213166144201,0.8433382137628112,0.8322884012539185,0.6645768025078369,80,"all","NB#80","NB",80
306,290,29,13,0.9592476489028213,0.9570957095709571,0.9592476489028213,0.9592476489028213,0.9357798165137615,0.9341692789968652,0.8683385579937304,80,"all","MLP#80","MLP",80
281,285,34,38,0.8934169278996865,0.8920634920634921,0.8934169278996865,0.8934169278996865,0.8878504672897195,0.8871473354231975,0.7742946708463949,81,"all","DT#81","DT",81
285,306,13,34,0.9592476489028213,0.9563758389261745,0.9592476489028213,0.9592476489028213,0.928679817905918,0.9263322884012539,0.8526645768025078,81,"all","RF#81","RF",81
281,248,71,38,0.8808777429467085,0.8671328671328671,0.8808777429467085,0.8808777429467085,0.8375558867362146,0.829153605015674,0.6583072100313481,81,"all","NB#81","NB",81
298,290,29,21,0.9341692789968652,0.932475884244373,0.9341692789968652,0.9341692789968652,0.9226006191950465,0.9216300940438872,0.8432601880877744,81,"all","MLP#81","MLP",81
274,282,37,45,0.8840125391849529,0.8810289389067524,0.8840125391849529,0.8840125391849529,0.873065015479876,0.8714733542319749,0.7429467084639498,82,"all","DT#82","DT",82
293,307,12,26,0.9623824451410659,0.9606557377049181,0.9623824451410659,0.9623824451410659,0.941717791411043,0.9404388714733543,0.8808777429467085,82,"all","RF#82","RF",82
278,241,78,41,0.8714733542319749,0.8546099290780141,0.8714733542319749,0.8714733542319749,0.8237037037037037,0.8134796238244514,0.6269592476489028,82,"all","NB#82","NB",82
291,294,25,28,0.9216300940438872,0.9208860759493671,0.9216300940438872,0.9216300940438872,0.9173166926677067,0.9169278996865203,0.8338557993730407,82,"all","MLP#82","MLP",82
278,271,48,41,0.8714733542319749,0.8685897435897436,0.8714733542319749,0.8714733542319749,0.862015503875969,0.8605015673981191,0.7210031347962382,83,"all","DT#83","DT",83
287,305,14,32,0.9561128526645768,0.9534883720930233,0.9561128526645768,0.9561128526645768,0.9298780487804879,0.9278996865203761,0.8557993730407523,83,"all","RF#83","RF",83
278,235,84,41,0.8714733542319749,0.8514492753623188,0.8714733542319749,0.8714733542319749,0.8164464023494861,0.8040752351097179,0.6081504702194358,83,"all","NB#83","NB",83
295,287,32,24,0.9247648902821317,0.9228295819935691,0.9247648902821317,0.9247648902821317,0.9133126934984521,0.9122257053291536,0.8244514106583072,83,"all","MLP#83","MLP",83
276,268,51,43,0.8652037617554859,0.8617363344051447,0.8652037617554859,0.8652037617554859,0.8544891640866874,0.8526645768025078,0.7053291536050157,84,"all","DT#84","DT",84
295,301,18,24,0.9435736677115988,0.9424920127795527,0.9435736677115988,0.9435736677115988,0.9347826086956521,0.9341692789968652,0.8683385579937304,84,"all","RF#84","RF",84
283,236,83,36,0.8871473354231975,0.8676470588235294,0.8871473354231975,0.8871473354231975,0.8262773722627736,0.8134796238244514,0.6269592476489028,84,"all","NB#84","NB",84
307,286,33,12,0.9623824451410659,0.959731543624161,0.9623824451410659,0.9623824451410659,0.9317147192716236,0.9294670846394985,0.8589341692789969,84,"all","MLP#84","MLP",84
292,275,44,27,0.9153605015673981,0.9105960264900662,0.9153605015673981,0.9153605015673981,0.8916030534351146,0.8887147335423198,0.7774294670846396,85,"all","DT#85","DT",85
291,299,20,28,0.9373040752351097,0.9356913183279743,0.9373040752351097,0.9373040752351097,0.9256965944272445,0.9247648902821317,0.8495297805642634,85,"all","RF#85","RF",85
283,244,75,36,0.8871473354231975,0.8714285714285714,0.8871473354231975,0.8871473354231975,0.8360413589364845,0.8260188087774295,0.652037617554859,85,"all","NB#85","NB",85
298,300,19,21,0.9404388714733543,0.9400630914826499,0.9404388714733543,0.9404388714733543,0.9374999999999999,0.9373040752351097,0.8746081504702194,85,"all","MLP#85","MLP",85
287,272,47,32,0.8996865203761756,0.8947368421052632,0.8996865203761756,0.8996865203761756,0.8790199081163859,0.8761755485893417,0.7523510971786833,86,"all","DT#86","DT",86
289,303,16,30,0.9498432601880877,0.9475409836065574,0.9498432601880877,0.9498432601880877,0.9294478527607362,0.9278996865203761,0.8557993730407523,86,"all","RF#86","RF",86
272,249,70,47,0.8526645768025078,0.8412162162162162,0.8526645768025078,0.8526645768025078,0.8229954614220878,0.8166144200626959,0.6332288401253918,86,"all","NB#86","NB",86
292,296,23,27,0.9278996865203761,0.926984126984127,0.9278996865203761,0.9278996865203761,0.9221183800623053,0.9216300940438872,0.8432601880877744,86,"all","MLP#86","MLP",86
273,274,45,46,0.8589341692789969,0.8584905660377359,0.8589341692789969,0.8589341692789969,0.8575899843505477,0.8573667711598746,0.7147335423197492,87,"all","DT#87","DT",87
293,301,18,26,0.9435736677115988,0.9421221864951769,0.9435736677115988,0.9435736677115988,0.9318885448916407,0.9310344827586207,0.8620689655172413,87,"all","RF#87","RF",87
292,245,74,27,0.9153605015673981,0.9007352941176471,0.9153605015673981,0.9153605015673981,0.8525547445255475,0.841692789968652,0.6833855799373041,87,"all","NB#87","NB",87
291,300,19,28,0.9404388714733543,0.9387096774193548,0.9404388714733543,0.9404388714733543,0.9273570324574962,0.9263322884012539,0.8526645768025078,87,"all","MLP#87","MLP",87
269,270,49,50,0.8463949843260188,0.8459119496855346,0.8463949843260188,0.8463949843260188,0.8450704225352113,0.8448275862068966,0.6896551724137931,88,"all","DT#88","DT",88
279,302,17,40,0.9467084639498433,0.9425675675675675,0.9467084639498433,0.9467084639498433,0.913767019667171,0.9106583072100314,0.8213166144200628,88,"all","RF#88","RF",88
266,245,74,53,0.8338557993730408,0.8221476510067114,0.8338557993730408,0.8338557993730408,0.8072837632776935,0.8009404388714734,0.6018808777429467,88,"all","NB#88","NB",88
284,293,26,35,0.9184952978056427,0.9161290322580645,0.9184952978056427,0.9184952978056427,0.9057187017001546,0.9043887147335423,0.8087774294670846,88,"all","MLP#88","MLP",88
282,268,51,37,0.8840125391849529,0.8786885245901639,0.8840125391849529,0.8840125391849529,0.8650306748466258,0.8620689655172413,0.7241379310344827,89,"all","DT#89","DT",89
282,297,22,37,0.9310344827586207,0.9276315789473685,0.9310344827586207,0.9310344827586207,0.9096477794793262,0.9075235109717869,0.8150470219435737,89,"all","RF#89","RF",89
265,242,77,54,0.8307210031347962,0.8175675675675675,0.8307210031347962,0.8307210031347962,0.8018154311649016,0.7946708463949843,0.5893416927899686,89,"all","NB#89","NB",89
295,290,29,24,0.9247648902821317,0.9235668789808917,0.9247648902821317,0.9247648902821317,0.9175738724727839,0.9169278996865203,0.8338557993730407,89,"all","MLP#89","MLP",89
290,271,48,29,0.9090909090909091,0.9033333333333333,0.9090909090909091,0.9090909090909091,0.8828006088280062,0.8793103448275862,0.7586206896551724,90,"all","DT#90","DT",90
297,299,20,22,0.9373040752351097,0.9369085173501577,0.9373040752351097,0.9373040752351097,0.9343750000000001,0.9341692789968652,0.8683385579937304,90,"all","RF#90","RF",90
280,228,91,39,0.877742946708464,0.8539325842696629,0.877742946708464,0.877742946708464,0.8115942028985508,0.7962382445141066,0.5924764890282133,90,"all","NB#90","NB",90
293,289,30,26,0.9184952978056427,0.9174603174603174,0.9184952978056427,0.9184952978056427,0.9127725856697819,0.9122257053291536,0.8244514106583072,90,"all","MLP#90","MLP",90
281,277,42,38,0.8808777429467085,0.8793650793650793,0.8808777429467085,0.8808777429467085,0.8753894080996886,0.8746081504702194,0.7492163009404389,91,"all","DT#91","DT",91
284,306,13,35,0.9592476489028213,0.9562289562289562,0.9592476489028213,0.9592476489028213,0.9272727272727272,0.9247648902821317,0.8495297805642634,91,"all","RF#91","RF",91
271,253,66,48,0.8495297805642633,0.840531561461794,0.8495297805642633,0.8495297805642633,0.8262195121951219,0.8213166144200627,0.6426332288401253,91,"all","NB#91","NB",91
291,293,26,28,0.9184952978056427,0.917981072555205,0.9184952978056427,0.9184952978056427,0.9156249999999999,0.9153605015673981,0.8307210031347962,91,"all","MLP#91","MLP",91
278,278,41,41,0.8714733542319749,0.8714733542319749,0.8714733542319749,0.8714733542319749,0.8714733542319749,0.8714733542319749,0.7429467084639498,92,"all","DT#92","DT",92
293,302,17,26,0.9467084639498433,0.9451612903225807,0.9467084639498433,0.9467084639498433,0.9335394126738795,0.932601880877743,0.865203761755486,92,"all","RF#92","RF",92
272,242,77,47,0.8526645768025078,0.8373702422145328,0.8526645768025078,0.8526645768025078,0.8143712574850299,0.8056426332288401,0.6112852664576802,92,"all","NB#92","NB",92
293,288,31,26,0.9184952978056427,0.9171974522292994,0.9184952978056427,0.9184952978056427,0.911353032659409,0.9106583072100314,0.8213166144200628,92,"all","MLP#92","MLP",92
282,265,54,37,0.8840125391849529,0.8774834437086093,0.8840125391849529,0.8840125391849529,0.8610687022900763,0.8573667711598746,0.7147335423197492,93,"all","DT#93","DT",93
290,297,22,29,0.9310344827586207,0.9294871794871795,0.9310344827586207,0.9310344827586207,0.9209302325581394,0.9200626959247649,0.8401253918495297,93,"all","RF#93","RF",93
283,244,75,36,0.8871473354231975,0.8714285714285714,0.8871473354231975,0.8871473354231975,0.8360413589364845,0.8260188087774295,0.652037617554859,93,"all","NB#93","NB",93
290,285,34,29,0.9090909090909091,0.9076433121019108,0.9090909090909091,0.9090909090909091,0.9020217729393467,0.9012539184952978,0.8025078369905956,93,"all","MLP#93","MLP",93
277,278,41,42,0.8714733542319749,0.8710691823899371,0.8714733542319749,0.8714733542319749,0.8701095461658842,0.8699059561128527,0.7398119122257054,94,"all","DT#94","DT",94
284,305,14,35,0.9561128526645768,0.9530201342281879,0.9561128526645768,0.9561128526645768,0.9256449165402125,0.9231974921630094,0.8463949843260188,94,"all","RF#94","RF",94
275,237,82,44,0.8620689655172413,0.8434163701067615,0.8620689655172413,0.8620689655172413,0.8136094674556212,0.8025078369905956,0.6050156739811912,94,"all","NB#94","NB",94
289,297,22,30,0.9310344827586207,0.9292604501607717,0.9310344827586207,0.9310344827586207,0.9195046439628484,0.9184952978056427,0.8369905956112853,94,"all","MLP#94","MLP",94
277,280,39,42,0.877742946708464,0.8765822784810127,0.877742946708464,0.877742946708464,0.8736349453978158,0.8730407523510971,0.7460815047021943,95,"all","DT#95","DT",95
285,298,21,34,0.9341692789968652,0.9313725490196079,0.9341692789968652,0.9341692789968652,0.9155145929339478,0.9137931034482759,0.8275862068965518,95,"all","RF#95","RF",95
269,244,75,50,0.8432601880877743,0.8299319727891157,0.8432601880877743,0.8432601880877743,0.8114630467571643,0.8040752351097179,0.6081504702194358,95,"all","NB#95","NB",95
296,293,26,23,0.9278996865203761,0.9272151898734177,0.9278996865203761,0.9278996865203761,0.923556942277691,0.9231974921630094,0.8463949843260188,95,"all","MLP#95","MLP",95
291,263,56,28,0.9122257053291536,0.9037800687285223,0.9122257053291536,0.9122257053291536,0.8738738738738738,0.8683385579937304,0.7366771159874608,96,"all","DT#96","DT",96
291,303,16,28,0.9498432601880877,0.9478827361563518,0.9498432601880877,0.9498432601880877,0.9323076923076924,0.9310344827586207,0.8620689655172413,96,"all","RF#96","RF",96
277,254,65,42,0.8683385579937304,0.8581081081081081,0.8683385579937304,0.8683385579937304,0.8381240544629349,0.8322884012539185,0.6645768025078369,96,"all","NB#96","NB",96
297,275,44,22,0.9310344827586207,0.9259259259259259,0.9310344827586207,0.9310344827586207,0.9,0.896551724137931,0.7931034482758621,96,"all","MLP#96","MLP",96
281,280,39,38,0.8808777429467085,0.8805031446540881,0.8808777429467085,0.8808777429467085,0.8794992175273866,0.8793103448275862,0.7586206896551724,97,"all","DT#97","DT",97
291,305,14,28,0.9561128526645768,0.9540983606557377,0.9561128526645768,0.9561128526645768,0.9355828220858895,0.9341692789968652,0.8683385579937304,97,"all","RF#97","RF",97
281,252,67,38,0.8808777429467085,0.8689655172413793,0.8808777429467085,0.8808777429467085,0.8425787106446777,0.835423197492163,0.670846394984326,97,"all","NB#97","NB",97
300,290,29,19,0.9404388714733543,0.9385113268608414,0.9404388714733543,0.9404388714733543,0.9259259259259259,0.9247648902821317,0.8495297805642634,97,"all","MLP#97","MLP",97
268,283,36,51,0.8871473354231975,0.881578947368421,0.8871473354231975,0.8871473354231975,0.8667687595712098,0.8636363636363636,0.7272727272727273,98,"all","DT#98","DT",98
284,301,18,35,0.9435736677115988,0.9403973509933775,0.9435736677115988,0.9435736677115988,0.919083969465649,0.9169278996865203,0.8338557993730407,98,"all","RF#98","RF",98
264,246,73,55,0.8275862068965517,0.8172757475083057,0.8275862068965517,0.8275862068965517,0.8048780487804877,0.799373040752351,0.5987460815047021,98,"all","NB#98","NB",98
293,287,32,26,0.9184952978056427,0.9169329073482428,0.9184952978056427,0.9184952978056427,0.9099378881987579,0.9090909090909091,0.8181818181818181,98,"all","MLP#98","MLP",98
288,270,49,31,0.9028213166144201,0.8970099667774086,0.9028213166144201,0.9028213166144201,0.8780487804878049,0.8746081504702194,0.7492163009404389,99,"all","DT#99","DT",99
296,298,21,23,0.9341692789968652,0.9337539432176656,0.9341692789968652,0.9341692789968652,0.9312499999999999,0.9310344827586207,0.8620689655172413,99,"all","RF#99","RF",99
282,244,75,37,0.8840125391849529,0.8683274021352313,0.8840125391849529,0.8840125391849529,0.8343195266272189,0.8244514106583072,0.6489028213166144,99,"all","NB#99","NB",99
304,286,33,15,0.9529780564263323,0.9501661129568106,0.9529780564263323,0.9529780564263323,0.9268292682926829,0.9247648902821317,0.8495297805642634,99,"all","MLP#99","MLP",99
